Id,MSSubClass,LotArea,OverallQual,YearBuilt,TotalBsmtSF,GrLivArea,FullBath,HalfBath,BedroomAbvGr,TotRmsAbvGrd,GarageCars,SalePrice
1,60,11950,6,1992,1217,1775,2,1,3,7,2,308176
2,50,8946,6,2001,789,1442,2,2,3,9,0,316047
3,60,3717,3,1932,1260,1855,2,0,4,9,1,257563
4,20,11486,6,1957,1466,2314,3,1,5,12,3,368115
5,20,11214,5,1958,869,1392,2,0,3,7,3,250249
6,160,10364,6,1947,1080,1392,2,0,3,7,2,251928
7,120,12182,5,1964,1941,2344,3,0,5,12,3,380793
8,60,16853,9,2006,1412,1917,2,1,4,10,1,394648
9,50,9580,6,2005,672,1268,2,0,3,8,1,279215
10,20,6192,7,1976,1339,1799,3,0,4,9,2,362735
11,20,9385,8,1934,1105,1271,2,0,3,9,0,246711
12,20,9884,6,2004,779,1270,2,0,2,7,2,257596
13,120,14926,2,1988,1125,1642,2,0,3,7,3,233178
14,120,10979,3,2004,359,510,1,1,2,5,2,105679
15,60,5333,7,1988,285,609,2,0,2,6,2,178381
16,50,14124,5,1976,969,1219,1,1,3,8,1,210375
17,120,13403,6,1942,666,983,1,0,2,5,1,167829
18,160,10981,5,2007,1250,1679,2,0,3,7,2,302419
19,120,14767,5,1962,566,1038,2,0,1,6,2,174160
20,20,15520,6,1991,462,773,2,0,1,7,2,191919
21,50,8801,9,2008,1728,2284,3,0,5,11,3,450916
22,60,6449,6,1945,910,1396,2,0,3,9,2,261422
23,120,10446,8,1973,1395,1550,2,1,3,7,1,356745
24,20,12914,8,1987,464,767,2,1,1,6,1,219938
25,160,10025,5,1935,900,1229,2,0,3,9,2,222400
26,160,6052,5,1944,1268,1573,3,0,2,9,1,276549
27,60,11232,7,1933,381,910,2,0,2,6,2,180595
28,60,1500,7,1985,881,1712,2,0,2,6,2,310744
29,120,9039,6,1993,564,1199,2,0,2,7,1,190964
30,60,14330,10,1997,1179,1361,2,1,2,7,2,296019
31,20,14574,2,1963,739,1199,2,0,3,9,2,161515
32,20,1500,5,1985,2201,2487,3,0,5,11,2,435428
33,20,9633,6,1961,953,1507,2,0,3,7,0,265481
34,120,13196,6,1938,704,959,1,0,3,7,3,199272
35,120,5207,4,1992,1639,1946,3,1,3,9,2,311633
36,60,8826,5,2001,972,874,2,0,3,9,2,231004
37,120,15934,2,2007,1507,1624,2,0,4,8,0,290586
38,20,8321,6,1962,557,486,1,1,1,6,2,128283
39,50,17693,8,1950,756,817,1,0,2,5,2,219459
40,20,7164,8,1984,1239,1618,1,1,3,6,2,323831
41,50,16844,7,2005,1471,1902,3,0,3,10,2,379222
42,60,10651,6,1986,1023,1604,2,0,3,8,2,318498
43,160,6547,6,1931,870,1454,3,1,3,10,2,273418
44,120,16859,4,1942,948,1356,2,0,2,7,1,217621
45,120,5070,5,1933,485,738,1,0,2,7,2,108644
46,20,6918,5,1979,714,1137,1,0,2,7,1,208101
47,20,12704,7,1977,1016,1273,2,0,3,8,2,302079
48,50,10863,8,2007,1620,2069,2,1,4,9,3,393186
49,120,11732,6,1959,1202,1695,2,1,2,7,1,284534
50,60,8842,7,1958,678,589,1,2,1,6,2,188473
51,20,5102,4,1937,973,1685,2,1,2,7,2,245951
52,120,7564,6,1941,883,1312,1,0,3,7,1,199704
53,160,16441,7,1970,682,1159,2,0,1,6,2,233478
54,50,4483,6,1955,949,1836,2,0,5,9,2,303301
55,20,17900,5,1979,1424,2056,2,0,5,10,2,323014
56,20,11921,7,1931,1380,2003,3,0,4,10,2,376067
57,60,7814,7,1984,1024,1074,2,1,3,8,2,266837
58,20,1500,8,1985,1059,1352,2,0,2,6,2,310782
59,120,2081,7,1943,997,1688,2,0,4,8,2,279938
60,120,8898,10,1935,1752,2027,3,0,4,10,2,429735
61,120,8353,5,2010,1103,1263,1,1,3,7,2,269210
62,160,11029,4,1990,1096,1417,2,1,4,9,2,256142
63,160,18236,5,1941,613,934,2,1,2,7,3,169351
64,20,12919,4,1942,447,886,2,0,2,6,2,121162
65,160,9920,6,1948,1291,1941,2,1,3,8,2,302688
66,160,15975,6,1973,1754,2227,3,0,4,9,2,379263
67,60,11177,6,1988,1373,1477,2,1,3,9,2,282191
68,160,17698,5,1966,1706,2041,3,0,4,9,2,336210
69,50,7475,8,1954,1104,1704,3,0,3,10,2,336789
70,50,5334,2,1945,621,1176,2,0,4,8,1,166396
71,50,1500,5,1967,1218,1704,2,1,4,8,2,315461
72,20,10025,7,1972,1307,2322,3,0,5,10,2,389385
73,120,4944,7,1943,1105,1496,3,1,3,9,2,302365
74,60,4880,5,1935,1608,2336,3,0,5,10,2,358563
75,20,15154,2,1952,231,450,2,0,1,6,2,53362
76,120,2750,6,1989,1075,1946,3,0,4,9,2,339092
77,60,10966,3,1941,1184,1560,2,0,3,7,3,218290
78,60,10125,4,1942,854,1358,2,0,2,8,2,204968
79,60,10914,6,1935,883,1563,2,0,3,7,3,251494
80,50,16728,5,1992,0,471,1,1,1,5,2,137462
81,50,6784,5,1967,974,1399,3,0,2,9,2,220097
82,50,16732,6,1979,1510,1702,3,2,3,10,2,360822
83,60,2579,9,1981,1902,2290,3,1,4,9,1,452087
84,60,13428,9,1969,787,1242,2,1,4,8,1,303448
85,50,17143,5,1937,654,1090,2,0,3,9,2,192523
86,60,1500,5,1990,960,1251,1,0,2,6,2,231642
87,50,10340,5,1937,1216,1995,3,0,4,9,2,298585
88,50,9974,5,1963,1235,1687,3,0,2,9,2,271695
89,50,10823,6,2008,1003,1236,2,1,3,8,1,283102
90,120,18202,6,1989,1469,1784,3,0,3,8,1,306836
91,60,7063,6,1986,1077,1565,2,0,3,9,2,287318
92,20,5169,5,1975,1379,2023,3,1,5,12,1,341459
93,50,10856,5,1951,644,1146,2,0,2,6,2,176756
94,20,15559,6,1969,790,1342,2,1,2,7,2,219518
95,120,13013,5,1974,875,1309,2,0,2,7,2,241870
96,60,10654,6,1984,588,746,2,1,2,8,1,199985
97,50,9468,6,1980,1333,1670,2,0,2,7,1,283337
98,50,1500,6,1934,1011,1652,3,0,2,9,2,272501
99,50,13136,6,1942,1330,1517,2,0,3,7,2,253971
100,20,13674,6,1957,924,1391,2,1,3,8,1,251741
101,120,7384,5,2009,535,771,1,0,2,5,3,166730
102,60,8408,2,1991,771,1294,2,0,2,8,1,182036
103,120,5782,6,1953,498,1335,2,1,2,6,2,237173
104,50,14406,5,1936,924,1093,2,1,3,8,1,177458
105,120,8853,6,1967,1133,1430,2,1,2,6,2,275782
106,20,9828,7,1966,1158,1727,2,2,3,8,2,295703
107,160,13331,8,1997,1765,2505,3,0,5,11,1,471665
108,160,11971,8,1971,1217,1606,2,0,3,8,2,319169
109,60,13034,2,1934,873,1650,3,1,3,9,2,239395
110,60,11286,10,1993,937,1475,2,1,3,8,2,339127
111,120,11387,7,1979,497,507,1,0,1,6,1,171339
112,60,11344,6,1944,824,1501,2,0,3,7,2,232934
113,20,12538,2,2002,1135,1546,2,1,3,9,0,238818
114,50,12756,7,1982,1721,2808,3,0,5,10,2,428197
115,50,4988,4,1954,1073,1414,2,0,3,7,2,243366
116,120,7812,7,1938,1164,1673,3,0,4,9,2,349457
117,50,9584,2,1967,756,1496,2,0,3,9,2,182717
118,120,12533,6,1951,840,901,2,1,2,7,2,207312
119,60,17688,6,1978,1347,2114,2,0,4,9,2,358022
120,60,6840,5,1997,1190,1909,2,1,4,10,0,297884
121,20,14453,4,1944,1387,1930,2,1,4,9,1,281237
122,50,7939,6,1994,932,1037,1,0,2,5,2,203281
123,20,16667,4,1983,1392,2251,2,1,4,9,2,383233
124,160,19105,6,1959,556,779,2,0,2,7,1,199106
125,20,2633,6,1949,1353,1823,2,0,4,9,2,308423
126,120,9031,7,1962,1989,2664,3,0,4,9,2,459276
127,120,1500,6,2006,727,994,2,0,3,8,2,238615
128,20,2895,3,1936,785,1217,2,0,2,7,1,177258
129,60,3176,5,1937,947,1567,2,1,3,8,2,232851
130,160,13308,5,1957,890,1250,2,1,3,9,0,256265
131,20,12466,8,1974,297,700,1,1,1,6,1,173816
132,60,14105,7,2002,559,1550,3,0,3,9,2,292279
133,20,13235,5,2009,748,957,1,0,2,7,1,204921
134,50,12682,4,2003,1396,1763,2,0,3,9,2,297858
135,120,11003,8,1940,297,1032,2,0,3,7,1,225438
136,50,9911,8,1960,1447,2328,3,0,4,11,2,426642
137,50,15088,7,1941,883,1103,2,1,2,8,0,215111
138,160,10555,7,2007,1311,1345,2,2,3,8,1,351563
139,60,12863,6,1980,1363,1942,3,0,3,8,2,333823
140,120,1500,5,1973,476,868,1,0,1,4,2,150060
141,50,5212,6,1979,1110,1634,2,1,3,7,3,332613
142,120,14911,6,1946,1788,2201,3,0,4,11,2,361559
143,60,7492,6,1964,353,671,2,1,1,6,2,182699
144,20,4220,6,1930,983,1611,3,1,3,8,2,280936
145,50,13385,5,1958,1068,1651,3,1,2,7,1,263891
146,60,10506,5,1980,1175,1925,3,0,4,11,2,319330
147,120,8668,6,1993,627,865,1,1,3,6,2,217026
148,60,17290,4,1933,867,821,2,0,2,7,1,169248
149,20,16518,6,1957,1310,1789,2,1,4,8,2,322650
150,60,9654,7,1945,1123,1670,2,0,4,9,0,276446
151,120,13750,7,1992,1099,1646,2,0,3,8,3,326334
152,50,1500,5,2005,905,1696,3,0,4,10,2,305089
153,50,15420,6,1982,968,1157,2,0,2,8,2,218762
154,160,5610,3,1946,1131,1636,2,1,4,10,1,250491
155,120,3965,6,1969,1135,1668,3,1,3,9,1,333403
156,160,2466,5,1942,1372,1139,2,1,3,8,1,233741
157,160,2118,6,1981,1799,2494,3,0,5,10,1,440668
158,20,15361,7,1987,1098,1763,2,1,4,8,2,346633
159,120,13340,6,1966,545,889,2,0,2,6,3,200974
160,50,7053,2,2008,1508,1859,3,1,4,11,2,298049
161,120,14347,5,2005,722,1003,1,1,3,6,2,225879
162,20,7822,6,1990,1090,1928,3,0,4,10,2,360719
163,120,11956,5,2008,1651,2123,2,1,3,8,2,372322
164,120,8329,7,1963,638,1084,2,0,1,7,0,213627
165,160,9960,6,1999,1751,2020,3,0,4,11,2,399029
166,120,6413,7,1946,1406,1731,3,0,4,9,2,343082
167,160,7080,6,1949,1281,1946,3,0,4,11,2,317109
168,160,12948,6,2002,1987,2510,3,1,6,12,3,450844
169,60,13671,6,1988,982,1386,2,0,2,7,2,251871
170,20,8636,5,1998,936,1119,2,0,2,8,1,189060
171,160,3635,6,1962,820,1048,2,1,1,6,2,231425
172,120,21620,5,2007,607,1086,2,1,3,9,0,285090
173,160,10665,8,1946,915,1474,2,1,3,8,2,317947
174,160,11904,5,1986,1371,1694,2,1,4,8,2,312266
175,160,4824,4,1930,1101,1660,2,1,3,9,2,236683
176,50,15968,4,1942,1291,1949,2,0,5,11,3,276445
177,50,16655,2,1956,892,1521,2,0,4,10,2,208853
178,50,2813,5,1999,1670,2278,3,0,5,11,1,409708
179,50,10039,5,1988,1334,1376,2,0,3,7,1,253797
180,60,9688,2,1935,1867,2943,4,1,6,14,2,454679
181,160,21248,6,1952,1294,1843,2,0,3,8,1,279736
182,60,16996,6,1939,998,1064,2,1,3,9,1,232186
183,120,3971,4,1980,652,952,1,0,3,7,1,170437
184,20,7223,6,1948,1319,1768,2,0,4,8,2,306005
185,60,6481,7,1980,786,1397,2,0,2,7,1,257572
186,50,12172,9,1997,1399,1889,2,1,4,9,3,399505
187,50,17574,6,1971,1200,1763,3,1,3,10,3,316390
188,120,10991,5,1986,1210,1476,2,1,3,8,3,299260
189,160,12755,7,1997,962,1070,2,0,2,8,0,283364
190,20,7510,6,1967,969,719,1,2,1,5,3,178852
191,60,12731,5,1991,1000,1280,2,0,2,6,3,208280
192,160,8376,7,1936,1433,1964,2,0,4,9,3,343793
193,160,3116,5,2000,1173,1627,3,2,3,10,2,320651
194,60,12438,9,1979,538,860,1,0,1,5,2,223917
195,60,10455,7,1981,1184,1605,2,1,3,8,1,326462
196,60,5562,6,1955,1148,1717,2,0,4,8,2,323045
197,60,17904,7,1955,765,1050,1,1,2,7,0,233788
198,50,7050,6,1948,1353,1595,3,1,3,8,1,315152
199,160,13240,6,1938,900,1545,2,0,4,9,3,279967
200,160,8868,7,1990,844,914,2,1,3,7,2,253445
201,50,17446,7,1949,1428,1702,2,0,3,8,1,295817
202,160,9430,8,1979,1245,1809,2,1,3,8,3,378337
203,60,2964,8,2009,1076,2083,3,0,4,9,3,400381
204,20,14145,9,2010,1338,2068,3,0,4,9,1,407131
205,160,17427,7,1951,787,791,1,0,1,5,2,159682
206,20,8575,6,1942,711,1022,2,0,2,6,2,182778
207,20,13554,5,1941,1069,1785,3,1,2,7,2,260700
208,50,11082,7,1939,1157,1784,3,0,4,10,1,340087
209,120,8777,5,1994,1400,1785,2,0,4,10,0,311465
210,160,14283,5,1959,2574,3537,4,0,6,12,1,553243
211,50,6899,5,1937,1226,1814,2,0,4,8,0,305885
212,50,10646,7,1950,1411,2111,3,1,4,11,3,394202
213,20,11658,7,1951,1339,2015,3,2,3,8,2,377426
214,160,11494,6,1947,1133,1856,2,0,5,10,3,319567
215,50,7010,6,1995,1235,1349,2,1,3,7,2,283292
216,60,19768,6,1977,1281,1913,3,0,4,10,1,342163
217,50,16180,6,1973,995,1109,2,0,3,9,3,250498
218,60,14956,5,1938,1246,1390,3,1,2,9,3,237189
219,120,16949,5,1996,1061,1260,2,0,3,9,2,248278
220,60,10809,5,1983,1012,1557,3,1,3,8,1,275258
221,60,8829,6,1955,1983,2730,3,1,6,13,2,476332
222,20,5599,6,1955,369,534,2,0,1,5,2,154836
223,50,7334,6,1963,1149,1875,3,1,4,9,3,375498
224,120,5936,9,1937,525,668,2,1,1,5,0,194275
225,50,8123,4,1939,674,1267,2,0,3,9,1,181281
226,60,11744,5,1977,1673,2086,3,1,4,11,2,365812
227,60,14613,5,1984,999,1548,2,0,3,7,2,253057
228,50,14488,2,1983,700,949,2,2,1,7,0,160666
229,120,5228,5,2007,848,1139,2,1,2,6,2,233541
230,120,13601,5,1969,1263,1871,2,0,3,9,2,288220
231,20,15647,6,1944,897,1131,2,0,3,8,2,244663
232,60,9355,5,2010,1054,1628,1,1,3,8,1,246153
233,60,15889,7,1947,1233,1538,3,0,1,8,2,297761
234,20,14441,6,1952,578,1172,2,0,2,8,2,201649
235,50,4809,4,1991,1870,2640,3,0,5,10,3,425431
236,60,20362,7,1975,1641,1847,2,0,3,7,1,364039
237,50,7279,4,1968,135,451,2,0,1,6,1,57816
238,120,14808,7,1944,1006,1612,1,0,3,7,3,268544
239,160,14645,8,1982,909,1167,2,0,3,8,2,279767
240,20,4991,5,1993,1405,1962,3,1,4,9,2,308749
241,60,11305,8,1992,831,1098,2,0,2,7,2,269956
242,20,14590,7,2009,1105,1454,3,0,3,9,1,311352
243,120,4944,8,1945,1360,1780,2,0,3,9,2,309916
244,120,10948,6,1999,1578,1969,3,1,4,10,2,365854
245,120,14967,5,1995,692,884,2,0,1,7,2,170808
246,120,15257,8,1942,893,1339,3,0,2,7,1,270543
247,160,8713,5,1976,1006,1265,2,0,2,6,3,233417
248,50,17449,5,1938,1162,1172,2,1,2,8,2,235824
249,50,16374,5,1992,1684,2441,3,1,5,11,2,409396
250,160,11585,5,1963,1033,1727,3,1,3,8,3,314812
251,50,7534,6,2010,796,853,1,1,1,6,2,184052
252,120,5253,7,1958,1375,1996,2,1,4,8,2,358460
253,50,12198,8,1966,1449,2629,3,0,4,9,3,477960
254,20,17090,4,1972,1592,2057,3,1,5,11,2,320339
255,50,9837,8,1993,405,717,1,0,1,4,2,165225
256,20,6634,8,1953,865,1260,1,1,2,7,3,279189
257,60,14212,3,2000,1585,2180,3,1,3,9,1,342289
258,20,11285,5,1963,834,1143,1,0,2,7,0,181941
259,20,12821,7,1977,1351,1748,2,0,4,10,3,314607
260,120,8136,6,1941,1266,1921,1,0,4,9,2,298655
261,120,8835,7,1952,811,1028,2,1,3,8,3,242716
262,120,8115,7,2008,991,1483,2,1,3,7,0,313747
263,20,12746,6,1942,447,450,1,1,1,6,1,104050
264,160,8972,3,1974,794,977,2,0,2,6,1,157440
265,120,13165,6,1994,799,1382,2,1,2,6,2,253797
266,120,7703,3,1976,796,859,2,0,3,9,2,174528
267,20,12738,6,1987,1563,2372,2,1,4,8,2,372101
268,60,13667,7,1934,680,764,1,0,2,6,0,175830
269,60,11991,6,2006,964,1283,1,0,3,7,2,301444
270,50,14626,10,1934,1438,1583,2,0,4,8,2,333613
271,60,8333,6,1989,1549,2271,3,1,4,9,1,384331
272,120,13616,7,1950,469,761,2,2,2,7,3,200597
273,160,11550,6,1953,1484,2125,3,0,6,11,1,323468
274,50,6856,10,1947,1009,1520,2,0,3,7,2,304269
275,160,1918,7,1950,843,999,2,1,1,5,3,226740
276,160,2880,5,1983,938,1757,3,0,2,7,2,284055
277,120,1500,8,1939,943,1619,2,1,4,10,1,333993
278,20,12417,6,1953,647,1199,2,0,1,5,1,204164
279,20,9038,3,1989,1256,1551,2,0,3,8,3,239517
280,20,10892,6,1986,1226,1312,2,1,3,9,1,266512
281,60,9688,8,1952,1082,1574,3,1,3,10,2,322121
282,20,13117,6,1951,1273,1862,2,0,4,9,3,291716
283,120,13249,5,1997,1655,2347,3,0,5,10,3,394054
284,60,10693,7,1963,814,865,1,1,2,7,2,190956
285,20,10965,7,1999,1676,2634,3,0,5,12,2,434151
286,160,11145,6,1957,385,490,1,1,1,4,3,120864
287,120,16763,4,1968,1180,1435,2,0,2,6,2,239253
288,120,1500,5,1971,1366,1823,3,1,4,10,1,330485
289,50,7482,7,1952,1197,1662,2,1,4,10,1,329703
290,120,14393,7,1999,1011,1188,2,1,3,7,1,266123
291,160,15485,5,2009,496,1405,2,0,4,8,2,254287
292,120,12422,5,1931,1001,1256,1,1,2,6,2,232208
293,50,9671,4,1953,725,1205,2,0,3,9,2,221082
294,120,18877,7,1946,1043,1961,2,0,5,9,2,313056
295,120,11300,1,1994,1283,1702,3,2,4,10,2,247823
296,50,10638,3,1999,1052,1151,1,1,3,8,2,231190
297,120,16493,1,1998,1366,1987,3,1,3,10,0,287724
298,60,12639,6,1989,1344,1676,3,0,3,10,2,319986
299,120,14729,5,1979,1648,1941,3,0,3,10,2,331186
300,20,15256,5,1941,1528,1845,3,0,4,10,2,319355
301,20,8823,8,1976,1050,1079,2,0,2,6,0,269674
302,60,18454,5,1996,987,1220,2,1,3,9,3,240619
303,120,1500,5,1994,1348,1907,3,0,5,12,3,343134
304,160,1591,8,1956,996,1835,2,1,4,8,2,332912
305,120,7439,5,1977,1008,1504,2,0,3,9,2,262583
306,20,8594,6,1991,951,1576,2,0,3,9,2,273059
307,50,12131,4,1973,1920,2185,2,0,4,8,1,319808
308,60,7397,7,1948,811,1204,2,0,3,7,1,272916
309,50,10446,5,1988,1283,1802,2,0,4,10,2,307672
310,160,9576,7,1937,1084,1408,2,1,3,7,1,306972
311,120,19520,5,1984,987,1400,2,0,3,8,2,218224
312,160,6877,5,1976,1768,2091,3,1,3,9,2,333773
313,50,2926,7,1931,1251,1948,3,0,3,10,2,341944
314,120,15535,9,1968,1394,1942,3,2,5,12,1,418275
315,160,7287,3,1974,1406,2200,3,0,4,9,2,301989
316,20,10087,7,1961,830,1526,2,1,3,7,1,308119
317,20,7592,5,1994,1200,1873,3,0,4,11,2,313383
318,60,13817,6,1967,939,1352,3,1,2,9,2,290701
319,20,4315,5,2006,1102,1685,2,1,3,8,3,297575
320,20,1500,6,1940,887,1446,2,0,3,7,1,230580
321,50,16330,5,1939,842,1565,2,0,3,9,2,229316
322,20,11613,5,1988,1263,1827,2,0,5,11,1,343501
323,20,15326,3,1984,488,1085,2,1,1,5,2,158952
324,50,16179,4,1949,1965,2613,3,0,6,11,2,419133
325,20,6375,8,2010,705,986,2,0,2,8,2,284800
326,20,10772,10,1946,351,877,2,0,2,8,2,239573
327,60,12774,7,1997,1430,2123,3,0,5,12,2,397989
328,20,10012,5,1934,1215,1930,2,1,3,7,1,284395
329,20,9095,5,1989,1346,1842,3,0,4,11,2,336026
330,60,9538,7,1952,1532,1844,2,1,3,9,1,364584
331,50,15375,9,1975,718,1508,2,1,3,9,1,299081
332,20,9334,6,1981,750,1043,2,0,2,7,0,224071
333,160,13201,7,1939,1058,1554,2,1,3,8,1,291986
334,50,12061,9,1975,932,1159,2,0,3,7,2,259785
335,50,6161,7,1957,1456,2026,3,1,4,11,2,359426
336,20,11858,5,1972,870,1437,2,0,3,9,1,234037
337,60,3575,1,1955,699,1081,3,1,2,7,1,162690
338,50,12306,6,1984,798,1346,2,0,2,6,2,266108
339,60,14510,6,1977,1405,1731,3,0,4,9,2,299783
340,160,15546,5,1958,857,1219,2,1,3,9,3,239596
341,60,6212,5,1956,1100,1083,2,0,2,7,3,218275
342,120,8087,7,1947,1138,1642,2,1,3,7,3,313395
343,60,11778,6,1989,1022,1643,2,0,3,9,2,296611
344,50,8358,5,2003,601,1248,2,1,3,7,2,258199
345,60,1820,6,1998,562,1267,2,0,3,9,1,269371
346,60,8062,6,2003,860,1636,1,1,4,7,2,265198
347,120,11760,7,1950,575,754,2,0,1,7,0,181939
348,120,15303,4,1953,634,776,1,0,1,4,3,119709
349,20,18101,7,1932,511,1137,2,0,2,7,2,203222
350,50,11062,6,1991,1142,1402,2,1,3,7,2,277735
351,20,13049,3,1931,1087,1678,2,0,3,7,0,227087
352,120,14823,7,1995,1628,2289,3,1,4,10,2,398184
353,60,1500,5,1971,1665,1965,2,1,4,8,1,348998
354,120,5913,5,1963,1163,1431,2,0,3,8,1,246250
355,160,10961,6,1971,1005,1505,2,1,2,8,2,287761
356,60,17501,5,1949,531,988,2,0,3,8,0,173543
357,20,13333,5,1997,666,1505,2,0,4,9,2,252001
358,60,11983,7,1974,824,1363,2,1,3,9,2,262330
359,160,9473,4,2004,1140,1684,2,1,3,8,2,271743
360,120,12420,9,1971,578,1080,2,1,2,7,2,254528
361,50,7816,6,1976,1227,1787,3,0,3,10,2,330439
362,50,6990,5,1934,1637,2319,3,0,5,10,3,384128
363,50,7381,4,1978,979,1457,2,0,2,6,2,236857
364,120,16532,6,1966,1090,1725,3,1,4,10,2,321913
365,50,6718,6,1963,1344,1877,3,0,3,8,2,337669
366,160,8705,3,2002,992,1304,2,1,4,8,2,235132
367,120,12619,5,1999,946,1632,2,0,3,8,2,278548
368,50,6539,7,1947,1318,1521,2,0,3,9,2,286759
369,20,11517,3,2007,1078,1566,2,0,3,7,2,263065
370,120,11516,7,1948,779,1109,2,0,2,7,1,182334
371,120,7689,6,2007,1196,1527,3,0,4,11,2,283265
372,60,9335,6,1969,1285,1776,2,1,2,6,2,323418
373,50,6253,5,1946,1764,2276,3,1,5,12,2,375492
374,20,16722,2,1989,1464,2018,2,0,4,9,2,301731
375,160,11659,7,1971,1741,2645,3,0,5,12,1,435810
376,120,5781,4,2010,843,1112,2,0,2,8,3,239746
377,160,11068,5,2001,1174,1972,2,1,5,10,3,338410
378,160,11272,6,1994,1147,1611,3,0,3,8,2,320715
379,160,1500,5,1982,1858,2664,3,1,5,10,3,423927
380,60,16531,6,1936,725,1090,2,0,3,9,0,195296
381,160,6046,7,1934,728,1074,1,0,2,7,3,171454
382,50,19905,6,1953,501,1200,2,1,2,8,1,232830
383,50,14078,8,1957,216,450,1,0,1,6,1,155450
384,20,5429,7,1991,883,1238,2,1,2,6,1,271739
385,20,9085,5,1946,809,1116,1,0,3,7,1,169864
386,160,14651,5,1949,930,1593,2,0,4,9,1,285569
387,160,9430,5,1932,1413,1694,2,0,4,9,3,281336
388,60,15802,6,1966,1593,2499,3,1,5,12,3,429750
389,160,8807,5,1944,1583,2013,3,1,5,12,1,348711
390,160,10146,9,1980,925,1212,2,0,2,7,1,270666
391,160,14775,6,1977,613,1043,2,1,1,5,2,229684
392,120,13215,5,1937,1560,1773,2,0,4,9,2,302135
393,120,6336,6,1942,359,821,2,0,3,7,1,173972
394,60,12453,5,1977,1898,2476,3,0,4,11,2,407278
395,60,11253,7,1932,1673,2134,2,0,4,9,2,374646
396,50,6397,6,1994,766,1268,2,0,3,8,1,266205
397,60,4242,3,2002,681,615,1,2,1,6,2,101456
398,50,1808,5,1960,1512,2225,3,0,4,9,2,328869
399,160,9175,7,1955,1069,1454,2,0,4,9,1,302380
400,60,10256,6,2010,1561,2164,1,0,6,10,3,366809
401,60,12770,8,1985,449,677,2,1,1,5,2,192020
402,60,14192,4,1963,985,1200,2,1,2,7,1,215277
403,50,8637,5,1938,1204,1517,2,0,2,7,1,222634
404,50,10126,5,1991,762,1539,2,0,3,9,1,250865
405,20,7085,6,1942,1129,1278,3,0,3,8,2,275411
406,50,10892,5,1998,989,1841,2,0,4,9,1,278332
407,50,14858,4,1970,853,954,2,0,2,7,2,153852
408,120,10955,6,2006,1210,1440,2,0,3,9,1,262302
409,60,15734,6,1930,908,1578,1,0,3,7,2,227422
410,50,14783,5,1976,1175,1785,2,0,4,10,2,299456
411,60,17059,6,1933,1122,1888,2,0,4,9,2,290771
412,60,11081,7,1992,608,924,1,1,1,6,2,237266
413,120,8104,5,1981,440,709,1,1,2,5,3,164185
414,60,13295,5,1939,1669,2185,3,0,5,10,2,356950
415,50,8821,5,1957,1418,1689,2,0,4,9,2,313256
416,60,13154,7,1935,1036,1122,1,0,1,5,2,186594
417,20,7517,7,1956,1529,2329,3,0,4,11,2,412029
418,20,6772,5,1941,1064,1575,1,1,3,8,1,239991
419,120,15974,5,1991,1190,2134,2,0,5,9,1,335431
420,50,5943,8,1981,939,1550,3,1,4,10,2,353356
421,120,15100,10,1977,1990,2596,3,1,6,13,2,512502
422,20,13137,6,1996,1996,2436,3,0,5,10,2,436600
423,50,10924,9,1975,746,1384,2,0,2,6,1,294131
424,60,1983,6,2003,1310,2025,2,0,5,11,1,366283
425,50,17185,7,1944,1292,1853,2,0,3,8,3,309200
426,160,6293,5,2000,1613,2233,2,0,5,9,1,388897
427,50,14789,6,1965,559,1008,1,0,2,7,1,151380
428,60,7390,4,1943,1388,1875,3,1,5,10,2,324142
429,160,7029,7,2007,1363,2070,3,0,5,11,2,365386
430,120,13508,8,1932,411,591,1,0,1,6,2,142986
431,50,12923,6,1996,723,893,2,1,1,6,3,221127
432,120,5347,5,1948,316,450,1,1,1,5,1,69536
433,50,16965,4,2005,882,1373,2,0,3,7,2,242654
434,20,9572,5,1983,1303,1891,2,1,4,9,1,297560
435,20,10810,5,1998,1596,2303,3,0,4,9,2,365211
436,60,9163,6,1939,1020,1553,2,0,3,9,2,245320
437,20,5537,8,1962,1612,2370,3,0,5,12,0,406611
438,160,13808,3,1942,840,790,1,0,1,4,2,80732
439,160,11802,1,1980,534,620,2,1,2,6,2,137283
440,50,6877,6,1961,986,1485,2,1,2,6,2,261801
441,120,14748,5,2004,1326,1716,2,1,3,8,3,286832
442,160,10746,8,1953,987,1497,2,0,2,8,1,278231
443,50,10843,5,1964,526,450,1,0,1,6,1,114422
444,120,18494,5,1999,1094,1468,2,0,2,7,1,254319
445,20,3264,5,1969,561,830,2,0,1,5,1,141529
446,50,3204,4,1983,1386,1866,3,1,5,12,1,313574
447,120,4217,6,1973,912,1707,2,1,3,8,2,316497
448,60,12136,5,1991,511,1021,2,0,2,6,1,171914
449,60,8884,5,1997,656,1245,2,0,3,9,3,197080
450,160,9242,6,1962,696,958,1,0,2,5,1,180773
451,120,6259,2,2006,1349,1482,2,0,3,8,1,199402
452,60,17993,2,1985,1812,2016,2,0,3,9,1,271598
453,160,19504,6,1965,812,997,2,0,3,7,2,197314
454,50,14545,7,1983,1335,1779,3,0,5,10,2,340307
455,50,3717,8,1948,541,1236,1,0,1,4,2,225087
456,120,8308,5,1972,670,1098,2,0,2,7,2,205866
457,120,14223,4,1941,878,1458,2,0,3,7,3,203466
458,120,10293,3,1940,567,971,1,1,1,6,2,121567
459,120,14559,6,1999,826,1224,2,0,3,9,0,239687
460,60,16115,6,1941,535,886,1,2,1,4,2,179148
461,60,19082,7,1970,1425,2546,3,0,6,12,3,407735
462,160,7553,7,1954,1207,1533,2,0,4,10,3,303711
463,60,10865,5,1932,609,1147,2,0,2,8,1,189449
464,50,8516,6,1932,1181,1627,2,0,4,10,2,323434
465,160,1500,8,1957,1392,1456,3,1,4,9,1,309154
466,60,13657,5,1952,813,1398,2,0,2,8,1,271126
467,120,13035,6,1977,830,1837,2,1,3,7,2,318573
468,60,8039,8,1996,1286,1912,2,1,4,8,3,411635
469,20,3308,7,1971,1063,1236,2,0,3,7,2,285316
470,160,8771,7,1969,1200,1212,2,0,3,7,2,254292
471,60,13790,5,1935,737,1370,1,1,2,5,0,214932
472,60,16517,5,1949,404,450,2,0,1,7,0,104895
473,50,7293,4,1940,419,719,2,1,1,5,2,125509
474,120,15484,6,1956,1543,2232,3,0,4,9,2,351025
475,120,13301,4,1950,2140,2378,3,0,6,11,3,376422
476,50,12359,7,1942,698,1384,3,0,2,7,1,276901
477,50,4679,7,1964,1317,1817,3,0,4,9,2,356082
478,20,4874,6,1976,1258,1678,3,1,4,9,2,348609
479,160,6761,4,1957,2387,3131,4,0,6,14,1,454895
480,120,9031,2,1950,1489,2102,3,1,4,9,3,263835
481,50,18603,7,1947,1068,1447,2,0,3,7,2,296283
482,50,7519,6,1960,638,1013,1,0,2,7,2,207853
483,160,13970,7,1989,518,671,1,0,1,6,2,180412
484,50,8408,5,1966,1072,1621,2,0,3,8,1,274577
485,20,12627,6,1950,893,1117,2,0,2,8,2,233508
486,160,10216,7,1943,471,768,1,0,1,6,1,165679
487,20,11296,6,1989,890,1175,2,1,3,7,1,265692
488,60,12163,6,1952,657,947,2,0,2,7,3,210001
489,120,9377,7,1958,1882,2400,3,0,5,10,2,423632
490,50,12185,5,1976,1374,1977,2,1,5,10,2,331424
491,160,16052,3,1959,737,1510,3,1,3,8,2,237237
492,20,7106,6,1967,1830,2291,3,0,4,11,3,433833
493,120,15836,3,1956,925,1555,2,0,4,10,1,211544
494,120,9306,7,1944,625,1062,2,1,2,7,0,216297
495,50,8830,7,1988,1512,2314,3,0,4,9,2,377287
496,120,13648,8,1932,1505,1797,2,0,4,8,1,349059
497,50,8964,6,1939,294,970,1,0,2,7,1,153618
498,60,11936,3,2008,1555,1415,2,1,3,9,3,235666
499,50,11515,5,2009,928,1055,1,0,1,5,0,199871
500,20,1500,7,1946,592,789,2,2,1,7,2,225958
501,120,12379,5,1940,1390,2001,3,0,4,10,2,316569
502,120,4015,7,1977,1813,2517,4,1,5,12,2,458258
503,120,4358,7,1934,639,780,1,0,2,6,2,200474
504,50,12149,5,1998,1383,1810,3,0,4,10,2,332318
505,160,12914,5,1993,921,1173,2,1,1,7,1,203601
506,50,15922,6,1943,897,1259,2,0,3,8,1,247982
507,20,5597,7,1979,806,1203,2,0,3,9,2,280277
508,50,7164,5,1955,715,1061,2,0,3,8,1,197028
509,120,12589,8,2001,1042,1540,2,0,3,9,0,326564
510,60,16009,6,1998,958,1078,2,0,3,8,3,223571
511,20,11364,10,1936,1266,1656,2,1,4,10,3,346425
512,60,6549,4,1945,512,1488,2,0,4,8,2,210935
513,20,17278,4,1984,1090,1389,2,0,3,8,0,240864
514,20,9319,7,2007,761,1038,2,0,2,7,2,237161
515,120,9459,7,1985,845,1212,1,1,4,7,2,259511
516,50,4038,6,1933,1267,1911,3,1,4,9,1,328857
517,120,13758,7,1977,1446,1777,2,0,4,9,1,323067
518,120,14336,7,1946,871,1001,1,0,1,6,2,194045
519,120,7323,3,1965,957,1567,2,1,2,7,3,244101
520,60,18380,6,1999,1409,1909,3,0,4,11,2,348083
521,20,7857,7,2009,271,638,1,1,1,4,1,164380
522,160,13313,5,1967,1011,1800,2,1,3,9,2,325200
523,50,11506,5,1991,704,1167,1,1,2,6,2,213741
524,120,1500,7,1977,1425,1814,2,0,5,9,1,337985
525,20,12947,5,1939,951,1114,2,1,3,7,1,225718
526,50,12543,1,1965,489,567,2,1,1,6,1,83120
527,160,2551,8,1958,592,660,1,1,1,5,2,177962
528,160,17363,6,2007,1170,1540,2,0,3,7,2,297898
529,120,12561,7,1933,1040,1651,2,0,3,9,2,281284
530,160,16077,7,1973,805,1040,1,0,2,7,2,238181
531,160,2777,3,1985,1439,1850,2,0,3,9,3,288371
532,50,8653,5,1971,585,642,2,1,1,6,2,118697
533,50,15812,5,1942,1250,1480,2,0,3,7,1,285192
534,120,3442,5,1975,742,879,2,0,1,7,1,172910
535,20,8785,6,1962,883,1172,1,0,1,4,2,235662
536,120,12329,6,1950,1269,1539,2,1,4,10,0,305395
537,60,1974,6,2009,739,1063,2,1,3,7,3,254186
538,160,4553,5,2008,760,1313,2,0,2,7,0,237546
539,20,16719,5,1986,1400,2043,3,0,4,10,1,397234
540,50,10769,6,1998,714,1212,2,0,2,7,2,235968
541,60,15795,6,1999,1245,1953,3,1,5,12,2,359957
542,60,11319,4,1996,618,921,2,1,3,8,2,183665
543,160,21551,6,1977,1112,1793,3,1,4,10,2,334926
544,50,12474,4,2005,1534,2271,3,0,5,11,1,372700
545,20,16214,5,1962,0,450,1,1,1,4,1,118147
546,50,9392,7,1965,805,1096,2,0,1,5,3,241196
547,160,11448,2,1962,1272,1817,2,1,3,7,1,260960
548,60,13388,6,1960,838,1408,2,0,3,7,1,249619
549,160,14135,5,1950,1314,1709,2,1,3,7,2,295928
550,120,10324,1,1956,1006,1197,2,0,2,6,1,163334
551,60,10512,5,2001,802,1560,3,1,3,8,2,287578
552,160,12758,8,1991,865,1433,1,1,3,7,2,301567
553,20,12755,6,1955,1351,2128,3,0,4,10,2,369572
554,20,5887,10,1995,984,1648,3,0,3,10,2,379846
555,20,11512,6,1941,1333,1692,2,1,3,8,1,300988
556,120,11943,6,1951,873,1298,2,0,2,6,2,258430
557,50,6106,5,1946,833,1259,2,0,3,7,0,221940
558,20,14576,5,1936,540,1287,2,0,1,7,0,176819
559,120,12357,5,1997,1319,1722,3,1,4,10,2,304980
560,20,20987,5,1966,682,1293,1,0,3,7,1,211704
561,120,10382,6,1967,1177,1667,3,0,3,10,2,300438
562,20,15612,5,1940,1872,2604,3,0,4,9,2,407327
563,50,12926,5,1930,1625,1972,3,0,4,9,3,353254
564,160,19146,5,1954,704,1343,2,1,3,7,2,212543
565,20,6135,6,1971,957,2145,3,2,4,9,0,347668
566,160,8271,6,1981,943,1300,2,1,2,8,2,256199
567,20,6289,7,1953,639,450,1,0,2,6,1,140208
568,50,10149,5,1982,912,985,1,1,2,5,2,193977
569,160,5438,5,1985,410,532,1,0,1,5,1,116164
570,120,3632,5,1992,842,1330,2,0,2,7,1,218470
571,20,1500,8,2010,1212,1524,2,1,3,7,2,355423
572,20,1500,1,1937,1501,2395,3,1,5,10,2,310515
573,120,13453,6,1988,1265,1686,3,1,4,9,2,369469
574,50,8450,6,1974,1070,1399,2,1,2,7,2,273236
575,60,4948,5,1956,1555,1950,3,0,4,11,2,355208
576,20,7534,5,1981,811,450,1,0,2,5,2,127624
577,120,8124,5,1947,1217,1638,2,1,4,9,2,267803
578,60,6159,7,1945,1251,1919,3,0,4,10,0,385838
579,20,17724,6,1995,511,738,1,0,1,4,2,157306
580,160,16875,6,1934,1162,2115,3,1,4,11,2,327903
581,120,17648,6,1932,1059,1692,2,1,4,8,1,268425
582,160,11306,6,2010,833,1296,2,0,2,6,0,292445
583,50,11762,6,2009,1198,1847,2,1,4,10,1,337747
584,60,7563,2,1999,1922,2707,3,1,5,10,2,403495
585,120,6688,5,1936,978,1610,2,1,3,7,2,258944
586,20,10597,5,1979,1353,1645,2,0,2,8,1,264090
587,20,13435,7,1943,891,1273,2,0,3,8,2,247716
588,60,15880,3,1967,745,1068,2,0,2,7,3,181496
589,160,8043,6,2008,1305,1950,2,0,4,9,1,325849
590,160,4862,5,1976,773,1065,2,0,2,7,1,216266
591,120,13802,8,1962,1234,1552,3,0,4,10,2,363800
592,120,2318,5,1972,728,1264,2,0,2,6,2,222898
593,160,10323,5,1958,1117,1766,2,1,5,11,2,325740
594,120,10901,8,1986,1128,1690,2,0,2,7,2,300373
595,160,8795,5,1934,1199,2059,2,1,4,10,3,277665
596,60,3546,9,1989,725,1247,1,1,3,7,2,295286
597,120,8854,2,1999,875,1373,3,0,2,7,1,199137
598,160,17891,5,1931,858,1001,2,1,2,7,2,204657
599,120,13162,6,1999,943,1281,2,0,3,8,0,258821
600,20,15727,8,1972,1233,1713,1,0,2,7,2,312864
601,20,5022,5,1933,1491,1912,2,1,4,10,1,310141
602,50,11650,8,1985,696,1030,2,0,1,5,2,245294
603,160,10897,6,1988,1449,1971,3,1,3,10,1,349614
604,50,10984,7,1938,1539,2226,3,0,5,12,2,363841
605,160,13001,5,1932,1260,1732,3,1,3,10,1,286120
606,120,11162,5,1977,1645,2500,4,0,4,10,2,432510
607,160,5147,8,1972,336,1108,2,1,2,6,1,235143
608,20,13259,8,1930,578,861,2,0,3,7,3,205521
609,120,14283,6,1986,662,581,1,1,1,6,2,166569
610,20,16437,1,1982,1776,2300,4,1,4,12,1,316550
611,120,16636,4,1945,1474,1858,2,0,5,9,3,311683
612,160,12643,6,1980,1262,1485,2,1,4,10,2,281652
613,160,5357,2,2004,1178,1661,2,0,3,9,2,236872
614,20,3617,5,1984,682,924,2,1,1,6,2,236618
615,60,9478,5,1930,1848,2799,3,0,6,11,0,400472
616,160,14637,7,1957,1050,1582,2,1,4,8,3,334013
617,60,14347,3,1982,1211,1572,3,1,4,11,2,274706
618,120,11732,6,1987,1543,1896,4,0,3,11,1,368113
619,60,10335,6,2002,1211,1767,3,0,4,10,2,325927
620,20,19066,6,1989,1061,1632,2,0,3,7,2,308781
621,50,13083,5,1988,770,1100,2,1,2,6,1,213023
622,50,10107,5,1951,1341,1762,2,0,4,10,1,270398
623,20,7595,7,1937,1492,2503,2,0,6,10,2,430054
624,50,5961,7,1978,1141,2221,3,1,4,11,1,382608
625,20,5518,7,1971,1546,2351,3,0,6,12,3,389239
626,160,5961,8,1956,652,1246,1,1,3,8,2,251872
627,60,11764,7,1968,605,995,2,0,2,7,1,235707
628,50,10418,7,1954,986,1448,2,0,4,10,2,296742
629,160,9033,5,1967,999,1544,2,1,2,7,2,245288
630,50,13814,5,1953,1723,2089,3,0,4,10,2,331338
631,120,18641,6,1953,497,626,2,0,1,5,2,129167
632,20,6794,5,1989,1676,2318,3,1,4,11,3,389717
633,20,7465,6,1979,1114,1432,2,0,3,7,2,277535
634,160,1500,5,1995,698,1290,2,2,4,8,2,273230
635,120,10381,7,1943,875,983,2,2,1,7,1,222363
636,60,9925,6,1982,438,646,1,0,1,4,2,148560
637,120,14517,6,1961,1483,1947,2,0,4,8,2,328259
638,120,10109,9,1977,894,1553,3,1,3,8,2,349852
639,60,7853,5,1968,306,837,2,0,2,8,0,160885
640,60,11367,5,1969,731,835,2,0,1,5,3,188124
641,120,13006,5,1971,1004,1338,2,1,3,7,1,255296
642,50,3220,8,2006,1511,2391,3,0,4,9,2,441992
643,50,15031,6,2005,808,1378,2,1,1,7,2,259721
644,120,16378,6,1937,710,725,1,0,2,6,2,140164
645,50,12963,5,2008,755,1385,3,0,3,9,2,268195
646,60,6294,6,1955,1255,1371,2,0,3,8,2,252522
647,60,9032,5,1941,152,450,1,2,1,5,0,109838
648,50,15822,7,1972,1155,1486,2,1,4,8,2,306283
649,60,6098,7,1980,915,1393,3,1,3,10,1,332529
650,20,13328,7,1992,1424,1880,3,0,4,9,2,347536
651,60,10271,7,1978,1641,2485,3,0,5,12,1,376616
652,120,11220,6,1956,1444,2106,3,0,5,10,2,370952
653,160,6739,7,1938,968,1373,2,0,3,8,2,250697
654,50,11987,5,1968,473,934,2,0,2,7,2,180830
655,50,11665,6,1994,2139,2866,4,1,5,13,2,474083
656,60,3707,5,2000,989,1546,3,0,3,8,2,321626
657,60,10480,3,2000,1024,1522,3,1,3,9,1,253785
658,160,13262,5,1936,872,1502,2,0,3,9,2,223013
659,160,8766,6,2001,671,1618,3,2,3,8,2,346715
660,120,1500,5,2009,972,1439,2,0,2,8,0,273646
661,20,9983,7,1996,1283,1213,2,0,4,8,1,320176
662,120,17099,4,1939,1000,1227,1,0,3,6,1,184359
663,50,8949,5,2000,1044,1497,2,0,4,8,1,280009
664,60,16928,7,1982,812,1229,2,0,2,8,2,244594
665,120,6844,6,1986,802,1140,2,0,2,8,0,219803
666,60,5275,7,1956,1197,1570,3,0,2,7,2,309089
667,60,10477,6,1983,754,1381,1,1,2,6,1,236145
668,120,6798,8,1933,1813,2304,3,1,4,9,1,458410
669,120,11984,6,1952,443,450,2,1,2,8,3,167074
670,160,8823,2,1977,1590,2088,3,0,4,9,2,338992
671,20,17132,5,1971,1597,2169,3,1,5,12,1,334669
672,160,8512,4,1932,318,450,1,1,1,4,2,116276
673,20,10903,8,1932,1055,1335,2,0,4,8,1,241703
674,120,13183,4,1957,1029,1319,2,0,2,7,1,187830
675,20,14803,5,1992,479,776,1,0,2,6,0,129402
676,50,17158,5,2010,670,1106,1,0,3,8,3,217397
677,160,9443,7,1960,670,931,2,0,1,5,2,205732
678,160,8703,5,1939,1982,2434,3,0,5,12,2,404781
679,160,1887,10,1978,1181,2006,3,1,4,9,3,420598
680,60,19687,3,1950,1263,2182,3,1,4,9,3,334306
681,60,12124,4,1982,1354,1893,2,1,3,7,2,282115
682,120,13883,5,2005,654,922,2,1,1,6,2,221599
683,120,13000,7,1983,898,1239,2,0,4,10,1,276355
684,60,10722,7,1986,1283,1771,2,1,4,8,1,387979
685,160,12076,4,1949,570,873,2,1,2,6,2,174245
686,60,7981,3,1978,1590,1889,2,0,3,9,2,276563
687,20,9140,7,1936,683,1388,2,1,2,8,3,249914
688,160,6224,4,1958,773,1318,3,2,3,8,2,220398
689,60,17507,4,1977,1303,1888,3,0,3,9,2,308056
690,120,13026,2,1942,927,1748,3,1,3,9,2,228304
691,60,19392,3,1932,895,1325,2,0,3,7,1,199732
692,50,20833,5,1931,1785,2123,3,0,4,10,2,320212
693,60,4181,3,1945,666,947,2,0,2,8,2,137092
694,160,14933,5,1935,1328,1838,2,1,4,9,2,276191
695,60,4389,7,1974,1051,1826,3,1,4,11,2,330808
696,120,11298,5,2000,835,1352,2,2,3,9,1,275634
697,20,11916,7,1934,1112,1686,2,0,3,9,2,312950
698,50,4707,4,1985,543,858,2,0,2,8,2,123257
699,160,7181,6,2000,1630,2000,3,1,5,11,2,424653
700,120,12121,5,1961,1092,1417,3,1,3,10,2,295073
701,50,11293,7,1978,667,1240,2,0,2,6,1,224725
702,60,5917,4,1942,1489,2065,3,0,4,11,1,331422
703,50,7358,8,1959,891,1145,2,1,1,5,1,247722
704,20,3788,5,1954,747,775,1,1,2,7,2,159382
705,50,5086,5,1989,772,697,2,0,3,9,2,197816
706,50,8828,8,1988,1100,1833,3,0,3,9,2,368761
707,60,14943,6,1957,443,842,2,2,1,7,1,176061
708,60,15514,5,1987,1478,2436,3,1,5,12,0,389901
709,160,18750,8,1949,272,450,1,0,1,5,2,137532
710,60,12409,5,1963,1767,2405,3,0,4,10,2,402694
711,50,11347,4,1934,1315,1625,2,1,4,8,2,227894
712,20,12728,10,1989,1011,1464,2,0,3,8,2,341225
713,60,12685,5,1972,802,1228,1,0,2,5,2,231175
714,160,3225,7,1986,1234,1724,3,0,4,11,1,359660
715,160,18999,5,1986,896,1495,2,0,3,7,3,277487
716,50,1810,7,2004,1841,2094,3,1,4,10,1,414329
717,60,15669,6,1983,812,1574,3,0,3,10,2,270838
718,60,10753,9,2010,1148,1593,2,1,3,7,2,361527
719,160,5597,6,1974,1291,1324,2,0,3,7,2,257659
720,60,12891,2,1966,1040,1485,2,0,3,7,1,244839
721,50,9968,6,1977,1138,1676,3,0,3,10,1,307344
722,20,7428,4,1983,367,617,2,1,1,5,2,147223
723,50,4283,7,1977,532,807,2,1,1,5,1,235707
724,60,3905,7,1935,1580,1905,3,0,4,10,0,332926
725,50,7750,6,1963,724,1604,2,1,3,7,2,233668
726,120,8758,7,1992,1268,1418,2,1,2,8,2,309343
727,120,5052,4,2007,810,1524,2,2,3,8,2,277341
728,60,10673,6,1977,1139,1697,2,0,4,10,1,298571
729,60,5693,5,1952,784,1231,1,1,3,7,2,188329
730,20,12120,6,1942,880,1106,2,0,2,7,1,218479
731,50,16041,3,1976,844,1617,2,0,3,7,3,229098
732,20,11802,7,1973,783,1001,3,2,2,9,2,265389
733,60,10077,4,1961,1574,1729,2,0,4,8,2,264698
734,60,8092,6,1955,189,621,1,0,1,5,3,133873
735,160,17007,2,1982,1472,2055,3,0,4,9,1,314790
736,20,9629,7,1943,1114,1763,3,1,4,10,1,306512
737,60,21706,5,1981,1230,1649,3,1,3,9,2,330166
738,120,5176,6,1965,1424,2030,2,0,3,9,1,336007
739,160,11804,5,1937,1556,2389,2,1,5,11,2,377554
740,50,16857,7,1969,1520,2047,3,0,5,12,1,363307
741,160,7394,5,1951,708,548,1,0,1,6,2,135494
742,50,9437,7,1945,555,843,1,1,1,4,2,150512
743,120,13317,5,1989,959,1186,2,0,3,9,0,218826
744,50,12245,7,1989,836,1528,2,0,3,9,2,298202
745,20,13018,3,1939,1078,1786,3,0,4,11,1,254249
746,50,15721,5,1954,878,1133,2,1,2,7,1,211730
747,50,8939,6,1960,1396,1613,2,0,4,9,2,335652
748,160,16966,3,1950,846,1118,2,1,3,9,2,182649
749,120,2759,5,2010,778,1193,2,1,2,7,2,250540
750,50,15348,8,1962,543,776,2,0,2,7,2,212680
751,20,15662,9,1960,495,1030,2,1,3,7,1,263340
752,160,7014,7,1950,672,805,2,0,2,7,3,181754
753,120,3972,5,1965,860,1002,2,0,1,5,2,195227
754,120,9455,5,1994,1366,2068,3,1,5,11,1,413360
755,60,12317,6,1933,626,1016,1,2,2,7,2,192987
756,20,8992,4,1997,2075,2897,3,0,6,12,2,446887
757,160,12758,8,1933,1162,1773,3,0,4,10,1,361620
758,160,19219,5,1938,1116,1612,3,0,3,8,1,288244
759,20,4358,10,1959,1122,1064,1,0,3,8,0,294061
760,120,1706,6,1974,1272,1882,2,0,4,8,2,319996
761,50,10188,7,1933,783,1212,2,0,2,8,2,251329
762,20,7439,1,1998,988,1579,2,1,3,9,1,218025
763,160,8338,8,1952,2135,2859,4,0,6,12,1,527422
764,20,16201,5,1945,992,1464,2,0,4,9,2,234870
765,120,9957,6,1951,1365,2118,3,1,5,12,2,358548
766,60,10369,7,2001,1039,1145,2,1,2,7,2,274273
767,60,8534,5,1977,1302,1496,2,0,4,8,3,256300
768,50,10325,6,1991,1602,2444,3,0,5,10,2,410129
769,50,11708,6,1989,493,1185,2,1,3,7,2,218769
770,120,23030,5,2009,1907,2466,3,0,5,10,2,394053
771,50,11758,6,1934,1196,1886,3,0,4,11,2,363348
772,60,15732,5,2009,995,1219,2,1,3,7,1,245322
773,120,11338,5,1936,938,1847,3,0,4,10,2,281383
774,120,1500,6,1980,1578,2025,2,0,5,10,2,362045
775,120,7948,6,1994,1070,1841,2,0,4,10,0,304254
776,20,11755,5,1938,614,690,1,0,1,4,1,116896
777,50,13755,8,1974,795,1133,2,0,2,8,2,292400
778,160,11446,7,1976,797,1385,3,2,3,10,1,309249
779,60,14641,6,1996,959,1475,2,0,4,10,1,306503
780,50,3930,6,1953,1411,1840,2,0,4,8,2,346112
781,60,10719,5,1939,1144,1608,2,0,4,9,2,268797
782,50,16475,7,2002,674,813,1,1,2,6,1,212241
783,160,6127,6,2006,1555,1714,2,0,3,9,3,302027
784,60,15542,5,1977,1002,1835,2,0,3,9,0,280726
785,160,15310,6,1964,1556,1808,3,1,4,10,2,344287
786,60,4933,5,1983,1476,2082,3,0,4,10,1,337917
787,20,12020,2,2010,1204,1952,2,0,4,8,2,306962
788,20,11214,7,2000,989,1756,2,0,4,10,1,352061
789,60,9706,6,1945,1000,1478,2,0,3,7,1,276858
790,60,3628,5,1982,615,642,1,0,1,5,1,139569
791,160,9316,6,1969,1195,1740,3,1,3,9,2,302835
792,120,9796,8,1949,1408,1624,2,0,2,7,2,337310
793,60,2857,6,1998,898,1657,2,0,3,8,1,300434
794,50,4626,6,1974,588,844,1,0,1,4,3,184721
795,50,6328,3,1935,437,947,2,0,3,8,1,149470
796,50,5782,5,1998,1512,2067,3,0,4,11,2,364875
797,20,11968,5,1978,1205,1494,2,1,5,10,1,326820
798,160,14601,6,1968,1234,1872,2,0,5,11,2,317214
799,20,9102,7,1931,601,1529,2,1,3,8,2,260156
800,50,13948,5,1968,1106,1530,2,0,3,7,2,290983
801,60,14786,5,1950,1483,2007,3,0,5,12,1,341429
802,50,10116,5,1969,943,1244,2,0,4,8,1,237479
803,60,12336,5,1983,1317,1565,2,0,2,7,2,266149
804,160,9494,8,1941,697,1272,2,0,1,5,1,256419
805,120,5447,6,2010,1022,1286,2,0,2,7,2,260161
806,60,7139,4,1966,1161,1352,1,1,3,6,1,217466
807,20,11967,7,1967,821,1631,2,0,4,8,1,312229
808,50,9954,7,1944,941,1263,2,0,3,9,1,256223
809,50,13817,6,1936,1431,2174,2,0,4,9,3,321284
810,50,2008,4,2007,716,1045,2,0,1,5,2,189781
811,60,3090,5,1979,1053,1416,2,0,3,8,2,279733
812,160,3622,4,1994,811,1284,2,0,2,8,1,229675
813,60,11249,7,1996,1470,2274,3,0,3,8,2,426310
814,20,4298,6,1973,1138,1618,2,1,3,8,2,282969
815,50,11940,6,1960,1243,2056,2,1,5,9,2,367986
816,60,13888,5,1972,319,735,1,0,1,4,1,122191
817,50,17323,5,2006,1280,1655,3,0,3,8,3,288159
818,20,16826,4,1977,1180,1982,2,1,4,8,2,291695
819,120,7370,9,2010,1210,1558,2,0,3,9,3,355054
820,120,2986,5,2010,1535,2074,3,0,3,10,0,376160
821,120,7656,3,1990,559,1243,2,0,2,7,1,190105
822,50,14895,9,2004,1455,2254,3,0,5,11,1,447547
823,60,8746,6,1939,2119,2721,3,1,6,11,2,433837
824,50,10390,7,1958,750,1324,2,0,3,7,1,271497
825,160,7992,3,1977,813,1281,3,0,2,7,2,223414
826,60,17615,6,2010,1677,2278,3,0,4,11,2,410864
827,20,5934,5,1991,1781,2344,3,1,3,8,2,369798
828,120,10800,7,1942,822,1240,2,1,3,8,2,268912
829,60,15487,3,1973,798,1294,2,0,3,7,2,220901
830,60,18786,5,1976,1212,1367,2,0,2,8,2,274228
831,120,7373,7,1993,879,809,2,1,1,5,2,217742
832,20,14823,6,1982,898,1032,1,1,2,7,2,225813
833,50,7654,6,2006,706,987,2,1,3,9,3,230994
834,50,16697,4,2005,632,1111,2,0,2,8,1,182653
835,60,18282,4,1973,897,1496,2,1,3,9,3,272041
836,120,6496,6,1957,1239,1637,2,1,2,7,0,296057
837,160,13440,6,1931,1705,2329,3,0,5,12,2,407138
838,20,15509,9,1986,945,990,1,0,3,7,1,246708
839,50,9175,7,1986,1538,2031,2,0,4,9,1,375486
840,20,12964,6,1963,710,1402,2,1,3,7,2,266050
841,20,13200,7,1987,1231,1489,3,0,3,8,3,303758
842,20,19543,4,1981,1128,1869,3,1,4,11,2,337594
843,120,1630,6,1958,578,925,2,1,1,5,3,187432
844,120,10248,5,1964,1245,1715,2,1,4,10,1,304607
845,120,4873,4,2004,1480,1602,3,1,3,8,1,293306
846,60,10562,7,1977,1800,1773,2,2,4,10,2,347042
847,120,6977,6,1962,1275,1666,2,0,3,7,2,309728
848,60,9352,6,2004,1929,2804,4,1,6,12,0,502867
849,50,6566,5,2002,922,1180,2,0,3,8,3,244096
850,50,11199,6,2007,1024,1236,2,1,2,6,2,260932
851,50,15332,4,1938,773,1187,3,0,3,8,3,210295
852,50,8822,6,1977,1179,1223,2,2,2,8,2,287210
853,50,16937,6,1996,867,1180,1,1,2,6,2,223427
854,120,15197,7,1965,1586,2139,3,1,4,11,2,403687
855,160,19653,5,2000,1701,2260,3,0,3,8,2,379012
856,120,12351,5,1973,926,1215,3,0,3,10,1,241101
857,160,10222,6,1989,905,1078,1,1,1,5,3,187188
858,120,3366,7,1992,1122,1762,3,0,3,10,2,339971
859,50,6982,6,1934,757,1225,2,1,1,5,0,225611
860,20,9564,7,2005,1094,1847,3,0,4,11,1,366572
861,160,10097,10,1969,1213,1621,2,1,3,7,2,337543
862,20,21069,10,1948,643,719,1,0,1,5,2,238955
863,50,9568,7,1976,1711,2327,3,1,4,10,2,449039
864,160,2542,7,1994,2021,2457,3,1,4,11,1,448400
865,20,13490,5,1996,834,1193,2,0,3,8,2,276492
866,120,13229,7,1947,1038,1311,2,0,2,8,2,240252
867,50,8434,5,1979,968,1665,2,0,4,8,1,258293
868,120,20074,9,1959,1113,1690,2,1,3,9,2,326272
869,120,1965,4,1995,1427,1860,3,0,4,9,1,324918
870,50,16122,6,1934,1951,2570,3,1,6,12,1,398862
871,160,9190,6,1971,942,1422,2,0,3,7,2,258230
872,60,6223,5,1934,753,1095,2,0,2,6,3,239858
873,60,21301,5,1979,279,790,1,0,2,5,1,121628
874,50,13815,6,1987,727,1131,1,0,2,5,2,205128
875,60,9157,7,2008,1208,1497,2,0,3,7,1,294848
876,20,9065,6,1937,1823,2457,3,2,5,12,1,411270
877,160,11739,5,1960,960,1243,2,1,2,6,2,220189
878,120,8421,7,1941,1151,1632,2,0,3,7,2,280671
879,120,16348,5,1950,1055,1506,2,1,2,6,0,245239
880,50,10894,5,1991,1377,2138,4,1,4,10,3,390172
881,120,15079,7,1962,2114,2841,4,0,5,11,0,513073
882,20,11435,7,1955,940,1236,2,0,2,6,3,243528
883,20,14414,6,1969,969,1258,2,0,2,7,3,241535
884,50,16554,6,1994,1349,2063,3,0,4,11,2,375787
885,120,18064,5,1988,922,1872,3,2,3,8,1,299347
886,60,12709,6,1944,1936,2484,3,1,5,12,2,416202
887,60,6600,4,1930,1188,1821,3,0,4,10,2,269739
888,160,9723,8,1940,772,1326,2,0,1,6,2,268343
889,50,10382,7,1984,1402,1825,2,1,4,8,2,385346
890,160,7920,6,1931,1397,2097,3,1,5,12,2,345542
891,60,7169,6,1994,1552,1945,3,1,3,8,2,386813
892,60,11285,7,1973,1357,1781,3,1,4,10,3,331640
893,60,6075,6,1945,1575,2075,2,0,4,9,2,344124
894,160,5201,5,1951,1243,2128,3,1,4,11,2,345007
895,50,2875,5,1947,1786,2240,3,1,4,9,2,342027
896,20,12661,6,1976,1345,1855,3,0,3,10,2,318000
897,20,12035,8,2010,932,1427,2,1,3,9,2,304961
898,60,9038,4,1959,1140,1592,2,0,3,8,2,223880
899,50,14974,5,1939,1183,2148,2,0,4,10,1,264666
900,50,6005,6,1987,833,1086,2,0,1,6,2,217426
901,120,12213,7,1991,1010,1708,2,0,3,7,2,314802
902,120,10743,5,2009,672,1308,2,0,3,9,1,242716
903,160,7166,5,1935,796,1530,3,0,3,10,2,263095
904,120,8283,6,1996,1730,2186,3,0,4,9,2,358462
905,160,7937,6,1970,1017,1615,3,0,3,10,2,290369
906,20,11637,3,1972,1353,1539,2,0,4,8,1,294978
907,60,13170,4,2006,464,801,1,0,1,5,2,159779
908,50,8581,6,1947,1026,1906,3,1,4,10,3,343865
909,20,7295,6,1987,1096,1853,2,0,4,10,2,303930
910,20,11117,9,1989,2077,2650,4,0,6,13,1,520524
911,160,3067,6,1956,919,1353,3,1,3,9,3,230606
912,60,10654,2,1997,1042,1630,2,1,3,7,3,248849
913,160,17527,6,1951,1180,1645,2,1,4,9,1,323842
914,20,7332,5,1953,1730,2343,3,0,4,10,1,344820
915,50,9704,4,1969,1225,1464,3,0,2,8,2,229412
916,120,15110,8,2003,1423,1661,2,1,3,7,2,356562
917,160,13896,7,1995,1219,1834,2,0,4,10,1,348138
918,20,10778,5,1969,889,1612,3,0,3,8,2,265406
919,120,10236,5,1935,821,1280,2,0,2,8,2,191211
920,120,4939,3,1947,1178,1616,2,1,3,9,3,221798
921,20,12710,5,2010,1281,2078,3,0,4,10,2,355964
922,60,4454,6,1959,510,976,2,1,2,7,2,213128
923,20,1500,5,1950,1170,1584,3,1,4,9,3,289704
924,50,15036,9,1991,794,1147,2,0,1,5,1,273583
925,120,12241,3,1939,1505,2142,3,1,5,10,1,289914
926,50,14458,6,1942,363,715,2,1,2,7,2,182633
927,160,7185,7,2005,813,1221,2,1,3,9,1,279814
928,120,12598,6,1938,1032,1713,2,0,3,7,2,269418
929,60,8524,1,1997,1795,2336,3,1,5,12,1,346880
930,20,9027,5,1968,1222,1480,2,0,2,7,1,237887
931,160,14881,5,1953,523,1223,2,1,2,7,3,197505
932,50,9825,9,1963,1584,2502,4,0,5,12,2,474399
933,160,7366,8,1990,258,754,1,0,2,6,2,187057
934,60,4355,8,1970,197,450,1,1,1,6,1,131038
935,20,12123,7,1934,1207,1746,2,1,3,9,1,276096
936,160,15267,5,2008,614,1251,2,0,2,6,2,236415
937,50,6975,8,1979,518,978,1,0,1,6,2,214293
938,160,13600,9,1933,1139,1886,2,0,4,10,2,350688
939,20,6257,5,1980,1186,1642,2,2,3,9,0,272946
940,160,13871,5,1981,865,1218,2,1,2,6,2,229789
941,50,10648,6,1968,459,842,2,1,1,7,2,177524
942,20,11705,5,1937,1412,1973,2,0,3,9,2,286196
943,60,7361,3,1974,1200,1856,3,0,4,11,2,284237
944,60,12108,8,1957,974,1462,2,1,3,8,2,307698
945,120,7810,8,1956,2040,2484,3,1,5,12,2,492800
946,160,8638,5,1994,908,953,2,0,1,5,2,209460
947,50,3670,5,1963,265,714,1,1,2,5,2,157103
948,160,7025,7,2010,955,1151,2,0,3,7,1,295084
949,20,8135,6,1991,1189,1491,2,0,3,7,1,274360
950,120,11907,5,1991,942,1642,2,0,4,9,3,277861
951,50,13180,7,1967,1118,1388,2,0,2,6,0,257519
952,160,7764,8,1955,1466,1699,2,0,3,8,1,320949
953,50,9759,8,1953,397,857,2,0,1,6,2,195001
954,20,18088,5,1968,1425,2272,3,0,4,10,2,347304
955,120,11089,5,1950,1212,1471,2,1,2,6,2,255060
956,50,8083,8,1976,1519,2101,3,0,5,10,2,418348
957,20,2941,4,1977,1285,1694,2,0,4,9,3,254806
958,60,6657,7,1942,1289,1754,2,0,4,9,2,311731
959,50,6482,4,1932,1340,1814,2,0,3,7,2,256496
960,120,19400,5,1961,986,1750,3,1,3,10,0,267739
961,50,6681,5,1964,1484,1852,2,0,4,10,1,296247
962,50,10729,4,1948,1758,2212,3,1,5,12,2,373452
963,20,12168,8,1943,1091,1618,2,1,2,6,1,320837
964,160,15479,1,1977,1313,1887,2,0,3,7,1,208557
965,160,10536,8,2010,751,1467,2,0,3,8,1,319464
966,50,8203,8,1997,1682,2271,4,0,5,11,2,428771
967,120,7905,5,1974,914,1159,2,0,1,5,2,200899
968,120,12103,7,1948,1710,2460,2,1,5,9,2,410358
969,20,7420,5,1993,1247,1493,1,1,3,7,0,281137
970,50,5531,7,1995,473,763,2,0,2,7,2,205317
971,50,8202,6,2008,1209,1582,2,0,4,10,1,294553
972,160,4539,5,1995,626,1157,2,0,3,9,2,202150
973,20,18827,5,2004,1364,1956,3,0,3,8,2,341393
974,60,13184,7,1974,789,1172,2,0,1,5,2,226079
975,120,17793,8,2003,936,1280,2,0,2,7,3,283001
976,120,12684,4,1996,298,522,2,0,2,8,2,149623
977,50,17360,6,1998,870,1277,1,1,3,8,2,261371
978,20,12153,5,1932,463,450,1,1,1,6,3,132733
979,60,13767,7,1967,399,683,1,0,2,5,2,153380
980,120,1500,4,2006,1050,1914,2,0,4,8,2,288481
981,20,6385,7,1971,1663,1927,3,2,4,9,2,391608
982,60,10666,5,1969,1465,1738,2,0,3,8,2,326057
983,50,10775,6,1979,472,1007,2,1,3,9,2,206976
984,160,10156,7,1964,1166,1489,2,0,2,7,0,283608
985,120,12538,7,1953,968,1513,2,1,4,10,2,320477
986,120,12723,7,1946,681,906,1,0,2,5,3,192939
987,60,14393,6,1969,1665,2304,3,1,5,11,2,422872
988,160,13510,8,2003,1340,1975,2,1,3,8,0,416067
989,20,15918,6,1995,837,1398,2,1,3,7,2,281097
990,50,15955,8,1973,946,1529,3,1,3,10,2,336980
991,20,11285,6,1952,971,1624,2,1,2,8,3,285723
992,60,19867,6,1935,165,450,1,0,1,6,2,87216
993,120,16616,5,1995,957,1385,2,1,3,9,2,236065
994,120,6868,6,1950,680,1156,2,1,2,6,2,223230
995,20,12266,4,1964,815,989,2,0,1,5,1,157577
996,50,2208,7,1958,1224,1367,2,1,3,7,2,306640
997,60,2966,6,1936,1616,2458,4,1,5,11,1,421124
998,50,8252,10,1982,1338,1851,2,0,4,9,2,413649
999,60,6560,4,1966,940,1215,2,0,3,8,2,189172
1000,50,8279,5,1952,1355,1815,2,0,4,9,2,314600
1001,20,11978,7,1937,1587,2249,3,0,6,11,2,358867
1002,160,16013,5,2005,1533,2000,2,0,4,10,2,322851
1003,60,15772,6,1977,1169,1546,2,0,3,8,3,297135
1004,20,12359,7,1939,599,1175,3,0,1,7,2,220228
1005,120,5607,6,2008,1473,1881,3,0,4,9,2,355586
1006,120,7991,5,1953,1364,1721,2,2,3,9,2,297157
1007,50,13367,8,1976,1251,1984,3,0,5,12,0,415965
1008,120,6782,3,1982,1300,1848,2,0,4,10,2,243212
1009,160,4798,8,1968,1569,2066,2,0,3,7,3,396841
1010,60,12715,3,1996,826,1234,1,0,3,8,1,214129
1011,50,10282,6,1995,1737,2206,3,1,5,11,3,401490
1012,60,9550,4,1935,1558,1618,2,0,4,9,2,250785
1013,60,15494,7,1950,1681,2604,3,1,6,12,2,445096
1014,20,15399,3,2002,558,1153,2,0,3,7,2,177794
1015,120,18515,7,2003,1752,2426,2,0,5,11,2,434554
1016,60,7568,6,1965,1262,1618,3,0,3,8,2,313095
1017,160,12433,4,1932,779,1173,2,0,3,9,2,157823
1018,160,10585,7,2007,1143,1260,2,0,2,6,2,265247
1019,120,12022,6,1971,701,1346,1,0,2,6,2,203838
1020,120,5395,5,1974,1340,1737,3,0,3,8,2,309097
1021,50,4188,2,1973,1143,1789,2,0,4,8,2,261945
1022,50,10319,5,1962,1158,1213,2,2,3,7,1,228693
1023,50,6708,4,1989,1410,1502,2,0,3,8,0,279125
1024,120,14721,4,1999,1709,2639,3,0,4,9,2,382980
1025,60,3746,5,2006,1595,2421,3,0,5,10,1,417740
1026,20,4118,6,1955,1375,1744,2,1,4,9,2,311204
1027,50,8625,6,1950,1004,1534,2,0,3,9,2,258358
1028,20,3578,3,1931,1096,1578,3,1,3,8,0,257781
1029,160,18042,9,1976,1290,1837,2,2,4,9,0,419361
1030,120,9676,8,1959,339,978,2,0,1,5,2,178599
1031,160,7787,5,1956,962,1379,2,0,3,8,2,248450
1032,50,12605,4,2000,322,638,1,0,1,6,2,124977
1033,60,14477,8,1949,1118,1724,2,1,5,11,3,355477
1034,50,11431,6,1979,1557,1854,3,0,4,9,1,324839
1035,20,10193,5,1952,656,1261,2,0,2,7,1,186125
1036,50,6074,6,1942,1785,2341,3,0,4,11,2,372299
1037,60,13339,7,2010,559,871,1,1,2,7,2,224247
1038,60,16875,5,1933,471,746,1,0,1,5,2,109843
1039,120,9511,7,1943,1284,1632,2,0,4,8,3,301363
1040,120,6680,7,1949,1506,2064,2,1,4,10,3,377399
1041,60,11316,6,1942,1782,2399,3,0,4,11,0,426109
1042,60,10511,7,1932,1066,1274,1,1,4,9,1,269700
1043,20,5026,4,2007,1397,2081,3,0,4,9,2,359130
1044,50,8237,6,1976,935,1494,2,1,3,9,1,275893
1045,120,18548,6,1932,801,1424,2,1,2,7,1,223759
1046,20,4436,5,1930,1236,1978,3,0,4,9,2,304719
1047,50,7392,5,1953,1830,1857,3,1,4,11,2,339321
1048,120,6230,5,1964,704,687,1,0,1,5,2,119908
1049,20,6628,4,1943,1359,2290,3,1,6,12,1,370159
1050,160,8495,5,1996,1329,2239,2,0,5,9,2,387486
1051,160,12517,5,1942,916,1186,2,1,2,7,2,214014
1052,120,16388,7,1976,1303,1722,2,0,3,7,1,341458
1053,20,11414,3,1979,1340,1774,2,1,4,8,2,300598
1054,50,7420,6,2007,1109,1651,2,0,3,7,2,287328
1055,50,17429,5,1955,835,1226,2,2,3,8,3,202422
1056,20,1500,4,1932,872,1162,2,1,2,6,3,178104
1057,160,13530,5,1980,1066,1501,2,0,3,7,1,264569
1058,20,5879,5,1969,1091,2130,3,1,5,11,2,329792
1059,160,10270,6,1997,1218,1800,3,2,4,9,2,381334
1060,160,13033,5,1965,770,1320,2,0,2,8,2,255948
1061,50,3275,9,1980,1375,1920,2,0,5,10,2,396635
1062,120,11137,9,1930,852,450,1,0,2,6,0,167678
1063,60,11483,6,1962,1548,2118,2,0,6,11,2,376566
1064,20,17080,7,1936,364,601,1,0,1,6,1,123188
1065,160,22718,2,1981,1092,1324,2,0,3,7,1,220223
1066,20,3511,6,1940,735,927,2,0,1,6,2,178522
1067,120,16877,7,1956,660,835,1,0,2,6,3,202763
1068,120,10329,5,1943,1596,2124,3,0,4,10,1,358834
1069,60,6861,3,2009,1258,1269,2,1,4,10,2,255736
1070,60,12160,4,1975,983,1696,2,1,3,9,1,296947
1071,160,4639,6,2005,1128,1490,2,0,2,8,3,286717
1072,60,4908,6,1939,1068,1765,2,1,3,7,2,281683
1073,160,2691,5,1953,1188,1555,3,1,2,7,1,235307
1074,50,12957,6,1990,423,841,1,1,2,7,1,146068
1075,160,11971,6,1947,1351,2038,3,0,3,8,2,347473
1076,60,6835,7,1938,825,1255,3,0,3,10,1,257943
1077,20,17356,4,1946,663,697,1,1,1,4,1,108010
1078,60,7516,7,1987,1068,1290,2,1,2,6,2,259678
1079,120,16273,7,1942,1387,2302,2,1,6,12,2,405464
1080,60,11049,7,1979,1382,1961,3,1,4,10,2,359227
1081,50,7456,7,1935,803,1331,2,0,2,7,1,271916
1082,160,9982,6,1980,705,1331,2,0,3,7,2,293408
1083,120,4858,5,1965,903,1346,2,0,3,7,2,220446
1084,160,11475,6,2000,1767,2605,3,0,5,10,0,452930
1085,160,10637,8,1954,1637,1715,2,1,3,7,2,355758
1086,60,12873,6,1940,1295,1740,2,0,4,8,1,281202
1087,20,14456,2,1973,1190,2055,3,0,2,7,2,250596
1088,120,11020,3,1943,1046,1640,2,1,3,9,2,229311
1089,50,3856,10,1958,1149,1379,2,0,2,7,2,299175
1090,50,14695,4,2003,1363,1411,2,2,3,8,1,294327
1091,20,10565,3,1979,748,1477,3,2,3,10,1,239727
1092,20,1976,5,1934,708,1495,2,0,2,8,2,199355
1093,60,11893,9,2001,1664,1897,2,0,3,8,2,393273
1094,50,12233,5,1998,1149,1542,2,0,3,8,1,285998
1095,120,8886,5,1986,1173,1899,2,0,4,8,0,299098
1096,20,9609,6,1955,1126,1472,3,0,3,9,2,246518
1097,20,7821,2,1935,614,1556,2,0,3,7,2,182894
1098,20,12372,8,1945,326,465,1,2,1,4,1,140889
1099,120,11129,6,1989,1456,1996,2,0,4,9,2,334748
1100,50,6412,6,1941,1353,1696,3,1,3,8,1,319515
1101,120,17780,7,2004,1244,2038,3,0,5,10,2,380238
1102,120,7503,8,1932,330,450,1,1,1,6,2,146074
1103,60,1500,5,1992,1661,2611,3,1,4,10,2,442113
1104,20,8381,5,1993,1054,1441,2,0,3,9,0,256770
1105,50,15139,7,1991,1306,2096,2,0,4,8,1,405669
1106,60,9570,5,1935,604,969,2,1,2,6,2,191569
1107,60,3143,8,1948,1105,1836,3,1,3,10,2,333003
1108,160,5873,8,1947,789,961,2,1,2,8,2,230923
1109,20,5635,4,2009,985,1187,2,0,3,9,2,206740
1110,50,7911,8,1972,1721,2519,3,0,6,11,3,472146
1111,50,9322,5,2002,996,1414,2,1,3,8,1,293686
1112,50,12722,6,1932,879,1629,3,1,2,7,2,268330
1113,20,11077,3,2001,1325,1971,2,0,3,9,2,255815
1114,50,11293,8,1967,1233,1775,3,1,2,8,1,355954
1115,120,18507,6,1997,1586,1593,2,0,3,9,3,299103
1116,120,14373,6,2005,994,1706,2,0,4,8,2,301092
1117,20,13977,8,1973,2206,2776,3,0,6,12,3,507133
1118,50,2340,6,2009,1218,1484,2,0,3,8,1,318891
1119,160,7116,5,1992,1184,1620,1,0,3,6,1,281713
1120,160,3313,7,1971,1762,2066,3,0,4,11,2,397280
1121,160,7039,7,1993,1533,2095,3,0,4,11,2,390395
1122,120,14076,8,1983,1566,2138,3,1,5,12,1,402089
1123,160,8732,8,2007,1285,1850,3,1,3,8,2,390617
1124,50,15325,5,2006,860,914,1,1,2,7,2,213646
1125,50,13619,6,2000,1857,2372,3,1,5,11,2,420860
1126,160,10727,5,2005,526,913,2,0,2,8,2,188204
1127,60,15432,6,1966,933,1673,2,0,4,10,2,311176
1128,160,16639,5,1933,746,1119,1,1,4,8,0,191007
1129,60,12544,7,1931,892,1481,2,0,3,8,3,260601
1130,20,11534,4,1973,1169,1687,2,0,4,10,2,269919
1131,20,13350,4,1996,1400,1683,2,0,3,8,1,293776
1132,50,4170,5,1997,1132,1736,3,1,4,9,2,328573
1133,120,9970,4,2005,1645,2362,3,0,5,11,3,388657
1134,50,10392,6,2003,1237,1753,2,1,4,8,2,360759
1135,50,8840,4,1991,1122,1386,3,1,2,8,2,249417
1136,120,6947,4,1930,1010,2021,2,1,4,8,2,264765
1137,50,14991,2,1946,1388,2139,3,1,5,10,3,321926
1138,120,11265,7,1945,647,870,2,1,2,8,0,213077
1139,50,11674,7,1938,1495,1828,2,0,4,9,2,319097
1140,20,16910,5,1982,1229,1883,2,0,4,9,2,304620
1141,60,9621,7,2002,612,1358,2,1,3,8,0,260534
1142,50,8750,6,1988,1677,2237,3,0,5,10,2,404759
1143,60,16625,5,1938,890,1436,2,0,2,8,2,196892
1144,160,3791,6,1941,891,1580,2,0,3,8,2,274174
1145,50,10730,5,1970,884,1424,2,1,2,8,1,234140
1146,20,7180,7,1944,1032,1523,2,0,3,9,2,255139
1147,120,11817,3,1995,548,939,2,1,2,6,1,187308
1148,20,13073,8,2004,133,758,1,0,2,6,2,241778
1149,60,13324,4,1940,1807,2352,3,0,4,11,3,360133
1150,120,15118,6,1937,978,1070,2,1,3,8,2,221861
1151,20,9363,8,1984,813,994,2,0,2,7,2,235399
1152,20,9644,2,1935,110,450,1,1,1,5,0,47318
1153,20,12869,6,1982,789,1179,2,1,1,7,2,243847
1154,120,14493,5,1949,572,820,2,1,2,6,3,170720
1155,20,4648,6,1968,1771,2377,3,0,4,9,3,414749
1156,20,11913,5,2001,1551,2045,4,1,4,12,2,409185
1157,60,8721,3,1963,674,1153,1,1,2,6,1,139069
1158,20,10892,6,1986,1902,2697,3,1,4,10,1,451562
1159,20,8894,5,1948,1503,2030,2,0,4,8,1,284519
1160,160,7247,6,2000,1202,1344,2,0,3,9,2,265435
1161,120,5916,5,1960,441,450,2,1,1,7,1,143390
1162,160,9820,5,1969,2043,2717,4,1,5,11,1,451345
1163,60,12112,6,1943,564,785,2,0,3,9,2,153403
1164,160,7786,6,2010,709,651,1,0,1,6,1,194000
1165,50,15854,5,1966,1509,2051,3,0,5,10,2,342124
1166,120,21563,5,1973,1801,2795,3,0,5,10,3,445076
1167,20,12359,5,1938,1821,2241,4,0,5,13,2,391131
1168,160,10314,5,1987,1393,1811,3,0,4,11,2,312928
1169,160,6394,5,1949,1199,1827,2,1,4,8,2,313160
1170,20,12165,5,1979,1287,1963,3,0,4,9,1,339027
1171,20,17147,6,1949,1392,1913,2,1,3,8,0,323358
1172,60,19268,6,1965,1246,1662,2,0,4,10,0,293272
1173,160,16782,5,1956,1133,1569,2,0,3,9,1,240554
1174,160,14294,5,2001,1093,1482,2,0,3,7,2,264158
1175,50,12345,5,1961,1089,1119,2,0,3,7,3,214578
1176,50,5780,6,1930,1149,1367,1,1,2,6,3,248069
1177,160,10051,8,1946,472,626,1,1,2,6,0,154177
1178,50,9528,7,1938,1193,1463,3,0,3,8,3,319493
1179,160,10080,7,1974,510,995,2,0,2,8,1,247713
1180,120,7262,7,1995,726,935,2,0,2,7,2,221242
1181,60,13910,5,1961,1451,1609,2,1,2,6,1,302085
1182,50,9267,3,1974,1532,2245,3,1,4,9,1,320563
1183,160,8902,6,1938,1245,1997,2,0,5,9,2,346941
1184,50,7277,5,1959,365,690,2,1,2,8,2,141361
1185,60,11545,6,1967,500,995,2,1,2,6,1,226024
1186,120,17235,7,1989,1264,2008,3,0,4,9,1,347892
1187,20,10454,7,1930,632,999,2,0,2,8,3,224921
1188,20,11767,5,1934,724,1397,2,1,4,8,3,259149
1189,50,19208,6,1992,1264,1803,3,1,3,8,0,313336
1190,160,15915,6,1965,866,1006,1,0,2,6,2,231301
1191,60,13144,7,1994,935,1570,2,0,4,8,1,329897
1192,120,12955,7,2007,843,814,1,0,1,6,2,173317
1193,120,7786,9,2002,931,1199,2,0,3,8,2,298973
1194,120,7346,1,1953,1362,1682,2,1,2,6,2,228793
1195,20,11136,6,1933,356,678,1,0,2,7,2,150863
1196,60,11250,5,2007,1376,1746,2,1,3,7,2,316933
1197,20,6676,4,1997,856,1504,2,1,3,8,2,270173
1198,50,13664,8,1954,1423,1805,3,0,2,9,2,330468
1199,120,9252,10,2003,1173,1632,2,0,3,8,2,371812
1200,60,15572,5,1936,1661,2231,3,0,4,11,2,335848
1201,120,10250,3,1942,894,1580,3,1,3,10,1,237088
1202,20,9852,5,1997,741,1289,2,0,2,6,2,249536
1203,20,6281,7,1972,1212,1579,3,1,4,11,2,348728
1204,20,6774,5,1986,1089,1800,3,1,4,11,2,326194
1205,120,16429,3,1965,1161,1540,3,0,3,8,2,262352
1206,60,11710,3,1943,829,1536,2,1,2,8,1,225467
1207,60,12251,5,2001,954,1146,2,2,2,8,2,275936
1208,50,17702,8,1956,594,1166,1,0,3,8,1,261479
1209,120,4570,5,1966,644,778,2,0,1,7,3,173506
1210,50,13520,5,2000,1815,2433,4,1,6,12,2,458505
1211,50,3354,4,2005,477,861,1,1,2,5,1,169075
1212,50,8530,6,1954,910,1151,2,0,2,7,2,218251
1213,50,5347,7,1996,842,1137,2,0,3,9,2,279026
1214,20,14363,5,1933,1291,1984,3,0,5,10,1,336668
1215,50,1996,5,2008,770,1360,2,2,3,9,2,271795
1216,60,9464,7,2003,1165,2170,2,0,4,8,2,372152
1217,50,5285,2,1945,875,1161,2,0,2,7,2,148264
1218,20,6653,6,1948,881,1661,2,1,4,10,1,279936
1219,160,7346,5,1958,770,1076,2,0,3,8,2,227960
1220,160,16435,5,1980,1801,2641,3,1,5,11,3,448155
1221,160,8991,6,1947,745,891,2,0,2,7,3,212079
1222,120,18272,7,1987,1119,1677,2,1,4,8,2,312822
1223,60,19214,6,1973,1233,1847,2,0,4,10,3,314155
1224,20,20011,3,1945,1344,1732,3,1,4,9,2,269974
1225,160,10235,6,1994,1052,1417,2,1,2,6,2,265718
1226,20,11446,6,1931,1069,1446,2,0,1,7,2,269231
1227,20,12200,6,1985,1161,1538,2,0,3,9,1,295575
1228,120,8846,6,2008,729,1437,2,0,3,9,2,279580
1229,160,12409,2,1957,1550,2021,3,0,4,11,2,280458
1230,50,6291,6,1994,1982,2675,3,1,5,10,2,475046
1231,20,2060,6,1934,672,1222,2,1,2,8,2,257964
1232,160,13713,5,1951,512,795,2,0,2,8,2,161335
1233,20,8926,6,1942,1020,1468,3,1,3,10,2,275170
1234,120,6104,5,1994,1984,2869,3,1,5,11,1,458060
1235,120,6673,5,1945,825,1093,2,1,3,9,2,204454
1236,50,17318,9,1993,1920,2375,2,0,5,11,2,458820
1237,120,12588,5,1961,1871,2395,3,0,5,10,1,381813
1238,160,3649,5,2009,620,1224,2,0,2,7,2,210804
1239,120,5158,6,1980,1381,1813,3,0,3,8,2,332107
1240,50,9186,9,2008,1897,2369,3,0,5,11,2,480195
1241,60,12643,9,1987,990,1315,2,0,3,7,3,308286
1242,20,6924,6,1975,1181,1408,1,0,3,6,2,285237
1243,20,9721,1,1981,1208,1209,2,1,2,8,2,183902
1244,160,11015,8,1992,871,982,2,0,1,7,2,262323
1245,50,11108,6,2005,866,1174,3,0,2,8,1,274877
1246,50,1500,5,1989,798,872,2,0,2,7,1,196313
1247,50,11497,7,1994,1098,1532,2,0,3,8,1,309945
1248,20,2702,5,2010,781,1110,2,1,2,8,1,215299
1249,120,9211,3,1984,1082,1637,2,0,4,8,1,264187
1250,20,8243,7,1986,770,698,2,0,1,6,1,195639
1251,20,5645,6,2000,1034,1688,2,0,2,8,1,283100
1252,20,14294,5,2002,1642,1952,3,0,4,11,2,379627
1253,120,5442,5,1955,417,468,1,0,1,4,3,83129
1254,60,8146,6,1941,945,1711,2,1,3,7,2,313293
1255,160,14454,5,2000,1577,2159,2,0,4,10,0,385539
1256,60,8018,5,1975,237,879,2,0,2,6,2,163410
1257,60,7086,6,1976,1787,2393,4,0,5,11,2,459341
1258,20,9293,8,2008,1373,1734,2,0,4,10,1,349040
1259,60,12932,6,1967,694,1144,2,0,3,8,2,246727
1260,20,17008,7,1950,1061,1485,2,0,3,8,2,281087
1261,20,6287,7,1943,1617,1808,3,1,4,11,3,324064
1262,160,6652,6,1931,996,1554,2,0,3,8,2,247806
1263,50,9256,5,2001,1067,1797,1,0,3,8,2,279998
1264,20,11535,7,1999,988,1031,2,1,2,8,2,273966
1265,60,7033,6,1962,1475,1603,3,1,3,8,1,308619
1266,160,13598,3,1935,541,772,1,0,2,6,1,99397
1267,60,6372,5,1966,1201,1456,2,0,4,10,2,276063
1268,50,1946,7,1943,969,1040,2,0,2,7,1,236377
1269,120,12892,3,1966,655,1128,2,0,2,7,1,165882
1270,50,13414,4,1937,1426,2163,3,0,4,10,1,314823
1271,160,15200,7,2006,1682,2087,3,0,4,11,2,420962
1272,50,1536,8,1942,1587,1834,3,1,4,9,0,368160
1273,50,7504,6,1969,760,941,2,0,3,8,1,193476
1274,160,9370,5,1987,785,1348,2,0,1,7,2,218134
1275,160,18406,3,1947,1863,2151,2,0,3,8,2,310697
1276,60,9783,6,1986,1016,1589,2,1,3,7,1,292180
1277,20,4440,3,1967,1852,2732,4,0,6,13,3,404562
1278,120,11835,6,1961,1266,1721,2,1,3,9,2,281817
1279,120,16392,5,1995,1410,1615,3,0,1,7,2,287321
1280,120,15434,8,2006,1100,1352,2,1,3,8,0,323898
1281,50,13028,6,1954,1184,1585,2,0,3,8,2,261176
1282,160,11681,5,1987,1087,1434,2,0,2,6,2,249155
1283,160,1500,7,2004,1328,1886,3,0,3,9,1,344326
1284,160,10615,5,1962,1512,2017,2,0,3,9,2,313491
1285,20,11301,5,1995,316,1102,2,0,2,7,0,229537
1286,160,9780,7,1959,517,816,1,1,1,5,3,185754
1287,160,13681,5,2010,428,550,2,0,1,6,1,125320
1288,50,9708,5,1963,1039,1781,3,0,2,7,3,290067
1289,60,8841,5,1998,724,935,1,0,1,6,1,201667
1290,120,15175,4,1977,278,450,2,1,1,6,2,90475
1291,50,8638,3,1969,1519,1719,3,2,3,10,2,270827
1292,50,10790,7,1980,2259,2823,3,1,5,12,1,497558
1293,50,14538,6,2009,973,1511,2,0,4,8,2,296646
1294,120,5951,5,1942,1341,1955,4,0,3,11,1,345811
1295,50,5463,5,1960,1076,1557,2,1,3,8,0,262960
1296,60,16610,8,1968,942,1463,2,1,3,7,2,321040
1297,160,7832,9,1992,1433,1997,3,0,5,10,0,449603
1298,60,13615,6,1977,816,1362,3,0,2,9,2,246992
1299,160,2511,7,1977,954,1655,2,0,4,8,1,325362
1300,160,1500,7,1990,1290,1683,2,0,2,8,1,308700
1301,50,12139,5,1941,928,1164,1,1,1,6,2,147061
1302,50,9926,3,2007,1279,2035,3,0,5,10,2,335819
1303,120,12181,4,1985,1157,1423,2,0,3,8,1,256172
1304,20,18936,7,1947,668,1118,2,1,3,9,2,212436
1305,60,4931,7,1956,1302,1796,2,1,3,7,1,318263
1306,120,10671,6,1957,877,1043,1,0,2,5,2,188438
1307,120,17148,4,2009,1064,1529,3,1,4,11,1,306491
1308,60,5581,6,1981,1138,1510,2,0,3,9,1,255413
1309,60,7868,7,1945,1366,2085,2,1,4,10,2,359047
1310,160,2547,7,2006,1199,1764,2,1,4,10,0,308669
1311,20,20570,2,1987,1013,1501,2,0,2,7,1,212810
1312,50,1500,7,1938,1226,1944,2,1,5,10,2,347352
1313,20,14093,2,1955,1538,2244,3,1,4,10,3,304558
1314,20,4560,7,1957,986,1807,2,0,4,9,3,342825
1315,50,5770,6,2006,975,1520,3,0,2,7,2,247993
1316,20,15287,4,1965,526,826,2,1,1,7,2,151234
1317,120,7158,7,1938,622,955,2,0,3,7,2,234945
1318,120,13433,3,1976,904,1354,2,0,2,6,2,203137
1319,50,16710,7,2007,825,1195,2,1,3,8,1,304461
1320,50,11403,5,1980,1077,1416,2,1,3,7,3,255083
1321,60,14501,7,2005,1238,1544,2,0,2,7,1,305797
1322,60,10863,8,1986,1138,1793,2,0,4,10,2,373444
1323,20,11071,5,1961,817,1477,2,0,3,8,3,258881
1324,20,7642,6,1996,1051,1770,2,0,4,10,2,360659
1325,50,19179,6,1986,995,1548,2,0,3,8,0,285214
1326,20,13842,4,1983,270,477,1,1,1,4,0,109197
1327,160,12848,6,1945,576,1021,2,0,2,6,2,187128
1328,120,13966,7,1991,773,1439,2,0,4,9,2,289185
1329,20,7452,8,1985,533,879,1,0,2,7,2,237563
1330,20,14689,7,1952,1312,1829,3,2,4,11,1,358030
1331,60,17501,6,1946,1729,2318,3,0,5,11,3,376059
1332,160,4286,7,2009,1407,2154,2,0,4,8,1,379414
1333,20,12937,7,1967,907,1402,2,0,3,9,2,273861
1334,120,10782,6,2001,1441,2297,3,1,4,10,2,387936
1335,20,8163,4,1959,1109,1593,2,1,3,9,1,245350
1336,50,5580,6,1987,783,1338,2,0,3,7,1,239806
1337,160,15233,7,2007,937,1192,2,0,2,8,3,260565
1338,20,11435,6,1951,627,1356,2,0,4,9,2,266705
1339,160,9567,7,1946,852,1311,2,0,3,9,1,257037
1340,20,12940,5,1944,1176,1604,1,0,3,8,2,289433
1341,120,9926,9,1977,1152,1599,2,0,4,8,1,333890
1342,120,7331,5,1961,1545,1516,3,0,3,8,2,297016
1343,160,11080,6,2006,1283,1744,2,0,4,8,1,332565
1344,60,10373,2,1969,1317,2140,3,0,4,9,3,307273
1345,60,2516,4,1986,1391,2013,2,1,4,9,0,309960
1346,50,7666,7,1987,194,735,1,0,2,7,2,170732
1347,60,4810,9,1945,300,450,1,0,1,6,2,169955
1348,160,3068,5,1957,1253,2005,3,0,3,10,1,308107
1349,60,12604,3,1930,722,797,2,1,1,7,2,92357
1350,50,7490,5,1970,878,1396,2,1,3,8,0,273010
1351,20,15186,2,1977,608,900,2,0,2,6,2,150689
1352,60,2271,5,1960,283,568,1,0,1,6,1,105309
1353,160,9160,7,1965,1572,1799,3,0,3,10,2,352230
1354,160,7728,8,1962,1281,1913,2,0,3,7,3,365762
1355,50,3399,4,1962,1178,1212,2,0,1,5,1,224985
1356,50,10522,6,1952,461,450,1,1,1,6,0,131469
1357,120,3792,5,1989,946,1228,2,0,2,6,2,219955
1358,120,11502,4,2008,1270,1720,3,1,3,10,2,333476
1359,120,13743,5,1959,587,738,1,0,1,6,3,140159
1360,20,11703,6,1974,780,1611,2,1,3,9,1,279730
1361,160,12272,3,2009,1004,1506,2,1,4,10,2,261402
1362,120,15140,6,1968,1425,1819,2,0,3,9,2,335559
1363,160,10379,4,1974,1095,1577,2,0,4,10,2,259045
1364,50,6782,5,2007,449,1004,1,0,3,6,2,212301
1365,20,7759,5,2010,1490,2143,2,0,4,9,1,352092
1366,50,7856,8,1941,1308,1431,2,0,3,8,1,308967
1367,160,5804,7,1961,1274,1500,2,0,3,9,1,278046
1368,120,14028,7,1985,706,1025,2,0,2,6,3,254468
1369,50,12871,5,1953,1068,1282,2,1,3,9,1,227076
1370,60,3007,5,1942,669,1050,1,0,2,5,2,177364
1371,20,6781,5,1949,690,1424,2,2,3,9,2,215663
1372,160,5586,2,2008,1522,2413,3,0,5,12,2,353194
1373,120,11928,7,1985,837,794,2,1,1,6,2,222529
1374,50,15344,5,1982,417,667,1,0,1,4,2,124010
1375,20,12516,5,1997,1557,2287,3,0,5,10,2,385878
1376,120,7344,6,1983,929,1405,2,1,2,7,1,270697
1377,50,9064,6,1963,1156,1163,2,0,2,7,2,247853
1378,160,4232,9,1957,1734,2060,3,1,4,10,2,423674
1379,60,4577,5,1979,1237,1197,2,0,2,7,3,258383
1380,60,14307,6,1931,1702,2473,3,0,4,9,2,408416
1381,160,16998,5,1955,1362,1870,3,0,3,8,2,308339
1382,20,7283,10,1980,607,1258,2,1,2,7,2,281879
1383,160,10716,6,1976,2118,2647,3,0,5,12,2,438235
1384,50,13742,6,1955,626,1196,1,1,3,8,3,177871
1385,20,3012,4,2004,1371,1904,3,1,3,10,2,321593
1386,60,5780,7,2003,972,1672,2,0,2,8,1,333973
1387,50,19471,5,1990,1432,2198,3,0,4,9,3,378083
1388,120,6190,6,1952,1483,2334,3,1,5,10,2,394014
1389,120,8871,8,1966,962,1531,2,0,3,7,2,291562
1390,120,7786,9,1970,686,1119,1,0,2,7,3,256443
1391,60,1523,5,1981,1130,1756,3,0,4,10,2,348890
1392,160,10872,7,1978,961,1159,2,0,1,7,2,271491
1393,20,10386,3,1956,1601,2572,3,0,5,10,2,359738
1394,60,11313,7,1935,1149,1586,2,0,3,9,1,259339
1395,50,10119,6,2003,1145,1323,2,1,2,7,2,315922
1396,50,8430,6,1995,1035,1611,2,0,4,9,1,289701
1397,120,8172,8,1953,435,807,2,0,1,7,1,209419
1398,20,8249,7,1967,661,1004,2,2,3,7,2,218453
1399,120,6050,5,1957,1713,2145,3,1,4,9,2,356525
1400,50,6747,7,1957,853,1170,2,1,2,6,1,219668
1401,50,6126,4,1995,579,965,1,0,2,7,3,144845
1402,160,13080,7,1990,1344,1796,2,1,4,8,2,335185
1403,160,11877,6,1975,1297,2137,3,0,5,12,1,380335
1404,160,10622,4,1998,1447,1892,3,0,3,8,1,315122
1405,120,19240,7,2004,1499,2037,3,0,4,10,2,440746
1406,20,6334,6,2003,726,1117,2,0,3,8,2,264349
1407,160,15534,6,1972,386,768,1,1,1,4,1,183730
1408,60,9329,5,1988,1452,2303,4,0,5,13,1,404748
1409,160,11207,5,1931,1037,1345,1,1,4,7,2,232522
1410,120,13520,7,1944,1189,1383,2,1,3,9,1,302831
1411,20,8351,5,1966,1433,2212,2,1,5,10,2,312618
1412,160,5744,6,2000,1347,1807,1,0,3,8,3,299484
1413,20,6487,7,1949,852,1754,3,0,4,9,1,293904
1414,60,1500,4,1964,1750,2651,3,0,5,11,2,361043
1415,50,13230,6,1963,818,1177,2,0,3,9,3,220730
1416,20,13122,6,1960,1237,2002,3,2,4,11,3,336416
1417,160,17626,7,1948,912,1544,3,0,2,8,3,306763
1418,120,12367,5,1997,1038,1656,2,0,4,8,2,292831
1419,120,13448,6,1953,1674,2317,3,1,3,9,2,345586
1420,120,10133,5,1968,1212,1781,2,0,3,7,2,292584
1421,120,12591,7,1983,855,1797,3,1,4,9,2,326464
1422,20,15403,4,1968,1072,2078,3,0,4,11,2,314626
1423,120,11316,9,1946,816,1323,2,0,4,8,1,304411
1424,50,8154,6,1948,834,1074,3,0,3,8,1,220610
1425,60,9508,8,1977,181,966,2,0,2,7,1,227033
1426,20,13883,5,1964,247,482,1,0,1,5,2,113134
1427,20,8289,5,1961,1721,2594,2,1,5,9,2,393878
1428,120,14500,8,1976,904,935,2,0,1,7,2,226041
1429,120,19088,4,1976,909,1398,3,1,2,8,1,243027
1430,20,14556,4,1993,1027,1369,2,0,2,8,2,228414
1431,120,13862,5,1975,1198,1676,3,0,2,8,0,292269
1432,120,12064,8,1964,976,1943,3,1,4,10,2,364966
1433,120,7004,6,1946,1514,1966,3,1,4,9,2,329568
1434,120,6595,6,1971,884,1208,2,0,1,6,3,223283
1435,120,6550,7,1958,1090,1427,1,0,3,7,2,271908
1436,160,12996,5,1999,1870,1663,3,1,4,11,2,349328
1437,160,8747,7,1946,593,1384,2,0,3,8,2,250569
1438,160,10369,5,2010,1961,2358,3,1,5,11,2,413567
1439,20,12383,7,1943,1188,1772,2,0,4,10,1,305809
1440,60,6718,5,1953,1381,1900,2,1,4,8,2,304656
1441,20,8241,5,1986,1295,1863,3,1,4,9,3,354767
1442,160,11952,6,1979,1415,2131,3,1,4,10,2,359159
1443,20,9191,6,1986,1024,1610,2,0,3,8,2,291404
1444,60,9611,6,1990,643,834,2,0,2,8,3,179597
1445,120,5853,5,1968,933,1724,2,1,3,7,2,292421
1446,50,9672,5,1984,956,1173,1,0,4,7,2,216769
1447,160,17934,6,1965,790,1237,2,0,2,6,2,216172
1448,160,8491,6,1966,1071,1822,2,1,4,10,3,320257
1449,60,5338,4,1943,1434,2165,3,0,4,11,3,279156
1450,120,14811,6,1956,1294,1526,3,0,3,10,3,270454
1451,120,12855,5,1960,1077,1677,2,0,2,7,2,267305
1452,50,11456,5,2002,1750,2408,3,0,4,9,2,417546
1453,120,4566,5,2010,1017,1641,2,0,3,8,1,294568
1454,60,5205,8,1973,2152,2880,4,1,6,13,2,532575
1455,120,3582,7,1997,1391,1811,3,0,4,11,3,408735
1456,60,12441,5,1977,745,590,1,1,2,5,3,164450
1457,160,15089,6,1986,1305,1910,2,1,2,7,2,305993
1458,160,12593,7,2004,1320,1715,3,1,5,10,2,391736
1459,160,19274,5,1951,1552,2192,2,0,5,10,1,332803
1460,20,8511,7,1933,1540,1868,2,1,3,9,2,318535
